TIPO_ELEZIONI,ANNO,LISTA,ABS_RANK,TIPO_METRICA,VOTI,LBL_TIPO_METRICA,FLG_NOT_VALID
NAZIONALI,1948,ELETTORI,1,VOTI_OTTENUTI,4381.0,Voti ottenuti,1
NAZIONALI,1948,ELETTORI,1,PERC_VAL,,Percentuale (su voti validi),1
NAZIONALI,1948,ELETTORI,1,PERC_ASS,100.0,Percentuale (su aventi diritto),1
NAZIONALI,1948,VOTANTI,2,VOTI_OTTENUTI,4240.0,Voti ottenuti,1
NAZIONALI,1948,VOTANTI,2,PERC_VAL,,Percentuale (su voti validi),1
NAZIONALI,1948,VOTANTI,2,PERC_ASS,96.78,Percentuale (su aventi diritto),1
NAZIONALI,1948,DC,3,VOTI_OTTENUTI,2481.0,Voti ottenuti,0
NAZIONALI,1948,DC,3,PERC_VAL,60.39,Percentuale (su voti validi),0
NAZIONALI,1948,DC,3,PERC_ASS,56.63,Percentuale (su aventi diritto),0
NAZIONALI,1948,FR.DEMOCR.POPOLARE,4,VOTI_OTTENUTI,1194.0,Voti ottenuti,0
NAZIONALI,1948,FR.DEMOCR.POPOLARE,4,PERC_VAL,29.07,Percentuale (su voti validi),0
NAZIONALI,1948,FR.DEMOCR.POPOLARE,4,PERC_ASS,27.25,Percentuale (su aventi diritto),0
NAZIONALI,1948,UNITA' SOCIALISTA,5,VOTI_OTTENUTI,303.0,Voti ottenuti,0
NAZIONALI,1948,UNITA' SOCIALISTA,5,PERC_VAL,7.38,Percentuale (su voti validi),0
NAZIONALI,1948,UNITA' SOCIALISTA,5,PERC_ASS,6.92,Percentuale (su aventi diritto),0
NAZIONALI,1948,ASTENUTI,6,PERC_VAL,,Percentuale (su voti validi),1
NAZIONALI,1948,ASTENUTI,6,PERC_ASS,3.22,Percentuale (su aventi diritto),1
NAZIONALI,1948,ASTENUTI,6,VOTI_OTTENUTI,141.0,Voti ottenuti,1
NAZIONALI,1948,NULLE,7,PERC_ASS,1.73,Percentuale (su aventi diritto),1
NAZIONALI,1948,NULLE,7,VOTI_OTTENUTI,76.0,Voti ottenuti,1
NAZIONALI,1948,NULLE,7,PERC_VAL,,Percentuale (su voti validi),1
NAZIONALI,1948,BIANCHE,8,PERC_ASS,1.28,Percentuale (su aventi diritto),1
NAZIONALI,1948,BIANCHE,8,VOTI_OTTENUTI,56.0,Voti ottenuti,1
NAZIONALI,1948,BIANCHE,8,PERC_VAL,,Percentuale (su voti validi),1
NAZIONALI,1948,PC.INTERNAZIONALISTA,9,PERC_ASS,1.23,Percentuale (su aventi diritto),0
NAZIONALI,1948,PC.INTERNAZIONALISTA,9,VOTI_OTTENUTI,54.0,Voti ottenuti,0
NAZIONALI,1948,PC.INTERNAZIONALISTA,9,PERC_VAL,1.31,Percentuale (su voti validi),0
NAZIONALI,1948,P.CONTADINI D'ITALIA,10,PERC_ASS,0.43,Percentuale (su aventi diritto),0
NAZIONALI,1948,P.CONTADINI D'ITALIA,10,PERC_VAL,0.46,Percentuale (su voti validi),0
NAZIONALI,1948,P.CONTADINI D'ITALIA,10,VOTI_OTTENUTI,19.0,Voti ottenuti,0
NAZIONALI,1948,PRI,11,PERC_VAL,0.39,Percentuale (su voti validi),0
NAZIONALI,1948,PRI,11,PERC_ASS,0.37,Percentuale (su aventi diritto),0
NAZIONALI,1948,PRI,11,VOTI_OTTENUTI,16.0,Voti ottenuti,0
NAZIONALI,1948,BLOCCO NAZIONALE,12,PERC_VAL,0.24,Percentuale (su voti validi),0
NAZIONALI,1948,BLOCCO NAZIONALE,12,PERC_ASS,0.23,Percentuale (su aventi diritto),0
NAZIONALI,1948,BLOCCO NAZIONALE,12,VOTI_OTTENUTI,10.0,Voti ottenuti,0
NAZIONALI,1948,P.NAZ.MON.ALL.D.LAV.,13,PERC_VAL,0.22,Percentuale (su voti validi),0
NAZIONALI,1948,P.NAZ.MON.ALL.D.LAV.,13,PERC_ASS,0.21,Percentuale (su aventi diritto),0
NAZIONALI,1948,P.NAZ.MON.ALL.D.LAV.,13,VOTI_OTTENUTI,9.0,Voti ottenuti,0
NAZIONALI,1948,MSI,14,PERC_VAL,0.17,Percentuale (su voti validi),0
NAZIONALI,1948,MSI,14,PERC_ASS,0.16,Percentuale (su aventi diritto),0
NAZIONALI,1948,MSI,14,VOTI_OTTENUTI,7.0,Voti ottenuti,0
NAZIONALI,1948,CONC.NAZ.COMBAT.UNIT,15,PERC_ASS,0.14,Percentuale (su aventi diritto),0
NAZIONALI,1948,CONC.NAZ.COMBAT.UNIT,15,VOTI_OTTENUTI,6.0,Voti ottenuti,0
NAZIONALI,1948,CONC.NAZ.COMBAT.UNIT,15,PERC_VAL,0.15,Percentuale (su voti validi),0
NAZIONALI,1948,UN.MOV.FEDERALISTI,16,VOTI_OTTENUTI,4.0,Voti ottenuti,0
NAZIONALI,1948,UN.MOV.FEDERALISTI,16,PERC_VAL,0.1,Percentuale (su voti validi),0
NAZIONALI,1948,UN.MOV.FEDERALISTI,16,PERC_ASS,0.09,Percentuale (su aventi diritto),0
NAZIONALI,1948,BLOCCO POP.UNIONISTA,17,VOTI_OTTENUTI,3.0,Voti ottenuti,0
NAZIONALI,1948,BLOCCO POP.UNIONISTA,17,PERC_VAL,0.07,Percentuale (su voti validi),0
NAZIONALI,1948,BLOCCO POP.UNIONISTA,17,PERC_ASS,0.07,Percentuale (su aventi diritto),0
NAZIONALI,1948,MOV.NAZ.DEM.SOC.,18,VOTI_OTTENUTI,1.0,Voti ottenuti,0
NAZIONALI,1948,MOV.NAZ.DEM.SOC.,18,PERC_VAL,0.02,Percentuale (su voti validi),0
NAZIONALI,1948,MOV.NAZ.DEM.SOC.,18,PERC_ASS,0.02,Percentuale (su aventi diritto),0
NAZIONALI,1948,FR.DEGLI ITALIANI,19,VOTI_OTTENUTI,1.0,Voti ottenuti,0
NAZIONALI,1948,FR.DEGLI ITALIANI,19,PERC_VAL,0.02,Percentuale (su voti validi),0
NAZIONALI,1948,FR.DEGLI ITALIANI,19,PERC_ASS,0.02,Percentuale (su aventi diritto),0
NAZIONALI,1953,ELETTORI,1,VOTI_OTTENUTI,4746.0,Voti ottenuti,1
NAZIONALI,1953,ELETTORI,1,PERC_VAL,,Percentuale (su voti validi),1
NAZIONALI,1953,ELETTORI,1,PERC_ASS,100.0,Percentuale (su aventi diritto),1
NAZIONALI,1953,VOTANTI,2,VOTI_OTTENUTI,4624.0,Voti ottenuti,1
NAZIONALI,1953,VOTANTI,2,PERC_VAL,,Percentuale (su voti validi),1
NAZIONALI,1953,VOTANTI,2,PERC_ASS,97.43,Percentuale (su aventi diritto),1
NAZIONALI,1953,DC,3,VOTI_OTTENUTI,2288.0,Voti ottenuti,0
NAZIONALI,1953,DC,3,PERC_VAL,52.38,Percentuale (su voti validi),0
NAZIONALI,1953,DC,3,PERC_ASS,48.21,Percentuale (su aventi diritto),0
NAZIONALI,1953,PSI,4,VOTI_OTTENUTI,1131.0,Voti ottenuti,0
NAZIONALI,1953,PSI,4,PERC_VAL,25.89,Percentuale (su voti validi),0
NAZIONALI,1953,PSI,4,PERC_ASS,23.83,Percentuale (su aventi diritto),0
NAZIONALI,1953,PCI,5,VOTI_OTTENUTI,495.0,Voti ottenuti,0
NAZIONALI,1953,PCI,5,PERC_VAL,11.33,Percentuale (su voti validi),0
NAZIONALI,1953,PCI,5,PERC_ASS,10.43,Percentuale (su aventi diritto),0
NAZIONALI,1953,NULLE,6,PERC_VAL,,Percentuale (su voti validi),1
NAZIONALI,1953,NULLE,6,PERC_ASS,5.39,Percentuale (su aventi diritto),1
NAZIONALI,1953,NULLE,6,VOTI_OTTENUTI,256.0,Voti ottenuti,1
NAZIONALI,1953,PSDI,7,PERC_ASS,3.27,Percentuale (su aventi diritto),0
NAZIONALI,1953,PSDI,7,VOTI_OTTENUTI,155.0,Voti ottenuti,0
NAZIONALI,1953,PSDI,7,PERC_VAL,3.55,Percentuale (su voti validi),0
NAZIONALI,1953,ASTENUTI,8,PERC_ASS,2.57,Percentuale (su aventi diritto),1
NAZIONALI,1953,ASTENUTI,8,VOTI_OTTENUTI,122.0,Voti ottenuti,1
NAZIONALI,1953,ASTENUTI,8,PERC_VAL,,Percentuale (su voti validi),1
NAZIONALI,1953,MSI,9,PERC_ASS,1.66,Percentuale (su aventi diritto),0
NAZIONALI,1953,MSI,9,VOTI_OTTENUTI,79.0,Voti ottenuti,0
NAZIONALI,1953,MSI,9,PERC_VAL,1.81,Percentuale (su voti validi),0
NAZIONALI,1953,P.NAZ.MONARCHICO,10,PERC_ASS,1.43,Percentuale (su aventi diritto),0
NAZIONALI,1953,P.NAZ.MONARCHICO,10,PERC_VAL,1.56,Percentuale (su voti validi),0
NAZIONALI,1953,P.NAZ.MONARCHICO,10,VOTI_OTTENUTI,68.0,Voti ottenuti,0
NAZIONALI,1953,UN.SOCIAL.INDIP.,11,PERC_VAL,1.44,Percentuale (su voti validi),0
NAZIONALI,1953,UN.SOCIAL.INDIP.,11,PERC_ASS,1.33,Percentuale (su aventi diritto),0
NAZIONALI,1953,UN.SOCIAL.INDIP.,11,VOTI_OTTENUTI,63.0,Voti ottenuti,0
NAZIONALI,1953,UNITA'POPOLARE,12,PERC_VAL,0.6,Percentuale (su voti validi),0
NAZIONALI,1953,UNITA'POPOLARE,12,PERC_ASS,0.55,Percentuale (su aventi diritto),0
NAZIONALI,1953,UNITA'POPOLARE,12,VOTI_OTTENUTI,26.0,Voti ottenuti,0
NAZIONALI,1953,PLI,13,PERC_VAL,0.43,Percentuale (su voti validi),0
NAZIONALI,1953,PLI,13,PERC_ASS,0.4,Percentuale (su aventi diritto),0
NAZIONALI,1953,PLI,13,VOTI_OTTENUTI,19.0,Voti ottenuti,0
NAZIONALI,1953,PRI,14,PERC_VAL,0.41,Percentuale (su voti validi),0
NAZIONALI,1953,PRI,14,PERC_ASS,0.38,Percentuale (su aventi diritto),0
NAZIONALI,1953,PRI,14,VOTI_OTTENUTI,18.0,Voti ottenuti,0
NAZIONALI,1953,ALL.DEMOC.NAZIONALE,15,PERC_ASS,0.36,Percentuale (su aventi diritto),0
NAZIONALI,1953,ALL.DEMOC.NAZIONALE,15,VOTI_OTTENUTI,17.0,Voti ottenuti,0
NAZIONALI,1953,ALL.DEMOC.NAZIONALE,15,PERC_VAL,0.39,Percentuale (su voti validi),0
NAZIONALI,1953,P.NETTISTA ITALIANO,16,VOTI_OTTENUTI,6.0,Voti ottenuti,0
NAZIONALI,1953,P.NETTISTA ITALIANO,16,PERC_VAL,0.14,Percentuale (su voti validi),0
NAZIONALI,1953,P.NETTISTA ITALIANO,16,PERC_ASS,0.13,Percentuale (su aventi diritto),0
NAZIONALI,1953,PS D'AZ.,17,VOTI_OTTENUTI,3.0,Voti ottenuti,0
NAZIONALI,1953,PS D'AZ.,17,PERC_VAL,0.07,Percentuale (su voti validi),0
NAZIONALI,1953,PS D'AZ.,17,PERC_ASS,0.06,Percentuale (su aventi diritto),0
NAZIONALI,1953,UN.NAZ.DEM.IMP.PUB.,18,VOTI_OTTENUTI,0.0,Voti ottenuti,0
NAZIONALI,1953,UN.NAZ.DEM.IMP.PUB.,18,PERC_VAL,0.0,Percentuale (su voti validi),0
NAZIONALI,1953,UN.NAZ.DEM.IMP.PUB.,18,PERC_ASS,0.0,Percentuale (su aventi diritto),0
NAZIONALI,1953,BIANCHE,19,VOTI_OTTENUTI,0.0,Voti ottenuti,1
NAZIONALI,1953,BIANCHE,19,PERC_VAL,,Percentuale (su voti validi),1
NAZIONALI,1953,BIANCHE,19,PERC_ASS,0.0,Percentuale (su aventi diritto),1
NAZIONALI,1958,ELETTORI,1,VOTI_OTTENUTI,5308.0,Voti ottenuti,1
NAZIONALI,1958,ELETTORI,1,PERC_VAL,,Percentuale (su voti validi),1
NAZIONALI,1958,ELETTORI,1,PERC_ASS,100.0,Percentuale (su aventi diritto),1
NAZIONALI,1958,VOTANTI,2,VOTI_OTTENUTI,5147.0,Voti ottenuti,1
NAZIONALI,1958,VOTANTI,2,PERC_VAL,,Percentuale (su voti validi),1
NAZIONALI,1958,VOTANTI,2,PERC_ASS,96.97,Percentuale (su aventi diritto),1
NAZIONALI,1958,DC,3,VOTI_OTTENUTI,2705.0,Voti ottenuti,0
NAZIONALI,1958,DC,3,PERC_VAL,54.59,Percentuale (su voti validi),0
NAZIONALI,1958,DC,3,PERC_ASS,50.96,Percentuale (su aventi diritto),0
NAZIONALI,1958,PSI,4,VOTI_OTTENUTI,964.0,Voti ottenuti,0
NAZIONALI,1958,PSI,4,PERC_VAL,19.46,Percentuale (su voti validi),0
NAZIONALI,1958,PSI,4,PERC_ASS,18.16,Percentuale (su aventi diritto),0
NAZIONALI,1958,PCI,5,PERC_VAL,14.05,Percentuale (su voti validi),0
NAZIONALI,1958,PCI,5,PERC_ASS,13.11,Percentuale (su aventi diritto),0
NAZIONALI,1958,PCI,5,VOTI_OTTENUTI,696.0,Voti ottenuti,0
NAZIONALI,1958,PSDI,6,PERC_ASS,6.12,Percentuale (su aventi diritto),0
NAZIONALI,1958,PSDI,6,VOTI_OTTENUTI,325.0,Voti ottenuti,0
NAZIONALI,1958,PSDI,6,PERC_VAL,6.56,Percentuale (su voti validi),0
NAZIONALI,1958,ASTENUTI,7,PERC_ASS,3.03,Percentuale (su aventi diritto),1
NAZIONALI,1958,ASTENUTI,7,VOTI_OTTENUTI,161.0,Voti ottenuti,1
NAZIONALI,1958,ASTENUTI,7,PERC_VAL,,Percentuale (su voti validi),1
NAZIONALI,1958,BIANCHE,8,PERC_ASS,2.6,Percentuale (su aventi diritto),1
NAZIONALI,1958,BIANCHE,8,PERC_VAL,,Percentuale (su voti validi),1
NAZIONALI,1958,BIANCHE,8,VOTI_OTTENUTI,138.0,Voti ottenuti,1
NAZIONALI,1958,MSI,9,PERC_ASS,1.77,Percentuale (su aventi diritto),0
NAZIONALI,1958,MSI,9,PERC_VAL,1.9,Percentuale (su voti validi),0
NAZIONALI,1958,MSI,9,VOTI_OTTENUTI,94.0,Voti ottenuti,0
NAZIONALI,1958,PLI,10,PERC_VAL,1.31,Percentuale (su voti validi),0
NAZIONALI,1958,PLI,10,PERC_ASS,1.22,Percentuale (su aventi diritto),0
NAZIONALI,1958,PLI,10,VOTI_OTTENUTI,65.0,Voti ottenuti,0
NAZIONALI,1958,P.NAZ.MONARCHICO,11,PERC_VAL,1.09,Percentuale (su voti validi),0
NAZIONALI,1958,P.NAZ.MONARCHICO,11,VOTI_OTTENUTI,54.0,Voti ottenuti,0
NAZIONALI,1958,P.NAZ.MONARCHICO,11,PERC_ASS,1.02,Percentuale (su aventi diritto),0
NAZIONALI,1958,NULLE,12,PERC_ASS,1.02,Percentuale (su aventi diritto),1
NAZIONALI,1958,NULLE,12,PERC_VAL,,Percentuale (su voti validi),1
NAZIONALI,1958,NULLE,12,VOTI_OTTENUTI,54.0,Voti ottenuti,1
NAZIONALI,1958,P.MONARCHICO POP.,13,PERC_VAL,0.42,Percentuale (su voti validi),0
NAZIONALI,1958,P.MONARCHICO POP.,13,VOTI_OTTENUTI,21.0,Voti ottenuti,0
NAZIONALI,1958,P.MONARCHICO POP.,13,PERC_ASS,0.4,Percentuale (su aventi diritto),0
NAZIONALI,1958,PRI-P.RAD.,14,VOTI_OTTENUTI,14.0,Voti ottenuti,0
NAZIONALI,1958,PRI-P.RAD.,14,PERC_VAL,0.28,Percentuale (su voti validi),0
NAZIONALI,1958,PRI-P.RAD.,14,PERC_ASS,0.26,Percentuale (su aventi diritto),0
NAZIONALI,1958,COMUNITA',15,PERC_ASS,0.09,Percentuale (su aventi diritto),0
NAZIONALI,1958,COMUNITA',15,PERC_VAL,0.1,Percentuale (su voti validi),0
NAZIONALI,1958,COMUNITA',15,VOTI_OTTENUTI,5.0,Voti ottenuti,0
NAZIONALI,1958,P.NAZIONALE LAVORO,16,VOTI_OTTENUTI,5.0,Voti ottenuti,0
NAZIONALI,1958,P.NAZIONALE LAVORO,16,PERC_ASS,0.09,Percentuale (su aventi diritto),0
NAZIONALI,1958,P.NAZIONALE LAVORO,16,PERC_VAL,0.1,Percentuale (su voti validi),0
NAZIONALI,1958,MOVIM.AUT.REG.-M.A.R.P.,17,PERC_ASS,0.08,Percentuale (su aventi diritto),0
NAZIONALI,1958,MOVIM.AUT.REG.-M.A.R.P.,17,VOTI_OTTENUTI,4.0,Voti ottenuti,0
NAZIONALI,1958,MOVIM.AUT.REG.-M.A.R.P.,17,PERC_VAL,0.08,Percentuale (su voti validi),0
NAZIONALI,1958,CONC.EUROPEA DEMOC.,18,PERC_VAL,0.06,Percentuale (su voti validi),0
NAZIONALI,1958,CONC.EUROPEA DEMOC.,18,VOTI_OTTENUTI,3.0,Voti ottenuti,0
NAZIONALI,1958,CONC.EUROPEA DEMOC.,18,PERC_ASS,0.06,Percentuale (su aventi diritto),0
NAZIONALI,1963,ELETTORI,1,VOTI_OTTENUTI,6102.0,Voti ottenuti,1
NAZIONALI,1963,ELETTORI,1,PERC_VAL,,Percentuale (su voti validi),1
NAZIONALI,1963,ELETTORI,1,PERC_ASS,100.0,Percentuale (su aventi diritto),1
NAZIONALI,1963,VOTANTI,2,VOTI_OTTENUTI,5919.0,Voti ottenuti,1
NAZIONALI,1963,VOTANTI,2,PERC_VAL,,Percentuale (su voti validi),1
NAZIONALI,1963,VOTANTI,2,PERC_ASS,97.0,Percentuale (su aventi diritto),1
NAZIONALI,1963,DC,3,VOTI_OTTENUTI,2962.0,Voti ottenuti,0
NAZIONALI,1963,DC,3,PERC_VAL,51.99,Percentuale (su voti validi),0
NAZIONALI,1963,DC,3,PERC_ASS,48.54,Percentuale (su aventi diritto),0
NAZIONALI,1963,PSI,4,VOTI_OTTENUTI,1209.0,Voti ottenuti,0
NAZIONALI,1963,PSI,4,PERC_VAL,21.22,Percentuale (su voti validi),0
NAZIONALI,1963,PSI,4,PERC_ASS,19.81,Percentuale (su aventi diritto),0
NAZIONALI,1963,PCI,5,PERC_VAL,14.96,Percentuale (su voti validi),0
NAZIONALI,1963,PCI,5,PERC_ASS,13.96,Percentuale (su aventi diritto),0
NAZIONALI,1963,PCI,5,VOTI_OTTENUTI,852.0,Voti ottenuti,0
NAZIONALI,1963,PSDI,6,PERC_ASS,5.01,Percentuale (su aventi diritto),0
NAZIONALI,1963,PSDI,6,VOTI_OTTENUTI,306.0,Voti ottenuti,0
NAZIONALI,1963,PSDI,6,PERC_VAL,5.37,Percentuale (su voti validi),0
NAZIONALI,1963,ASTENUTI,7,PERC_ASS,3.0,Percentuale (su aventi diritto),1
NAZIONALI,1963,ASTENUTI,7,VOTI_OTTENUTI,183.0,Voti ottenuti,1
NAZIONALI,1963,ASTENUTI,7,PERC_VAL,,Percentuale (su voti validi),1
NAZIONALI,1963,PLI,8,PERC_ASS,2.92,Percentuale (su aventi diritto),0
NAZIONALI,1963,PLI,8,VOTI_OTTENUTI,178.0,Voti ottenuti,0
NAZIONALI,1963,PLI,8,PERC_VAL,3.12,Percentuale (su voti validi),0
NAZIONALI,1963,BIANCHE,9,PERC_ASS,2.75,Percentuale (su aventi diritto),1
NAZIONALI,1963,BIANCHE,9,PERC_VAL,,Percentuale (su voti validi),1
NAZIONALI,1963,BIANCHE,9,VOTI_OTTENUTI,168.0,Voti ottenuti,1
NAZIONALI,1963,MSI,10,PERC_VAL,2.0,Percentuale (su voti validi),0
NAZIONALI,1963,MSI,10,PERC_ASS,1.87,Percentuale (su aventi diritto),0
NAZIONALI,1963,MSI,10,VOTI_OTTENUTI,114.0,Voti ottenuti,0
NAZIONALI,1963,NULLE,11,PERC_VAL,,Percentuale (su voti validi),1
NAZIONALI,1963,NULLE,11,PERC_ASS,0.88,Percentuale (su aventi diritto),1
NAZIONALI,1963,NULLE,11,VOTI_OTTENUTI,54.0,Voti ottenuti,1
NAZIONALI,1963,PDIUM,12,PERC_VAL,0.6,Percentuale (su voti validi),0
NAZIONALI,1963,PDIUM,12,PERC_ASS,0.56,Percentuale (su aventi diritto),0
NAZIONALI,1963,PDIUM,12,VOTI_OTTENUTI,34.0,Voti ottenuti,0
NAZIONALI,1963,M.COMB.IT-FR.RIN.NAZ,13,PERC_ASS,0.26,Percentuale (su aventi diritto),0
NAZIONALI,1963,M.COMB.IT-FR.RIN.NAZ,13,VOTI_OTTENUTI,16.0,Voti ottenuti,0
NAZIONALI,1963,M.COMB.IT-FR.RIN.NAZ,13,PERC_VAL,0.28,Percentuale (su voti validi),0
NAZIONALI,1963,PRI,14,PERC_VAL,0.23,Percentuale (su voti validi),0
NAZIONALI,1963,PRI,14,PERC_ASS,0.21,Percentuale (su aventi diritto),0
NAZIONALI,1963,PRI,14,VOTI_OTTENUTI,13.0,Voti ottenuti,0
NAZIONALI,1963,PAPI,15,VOTI_OTTENUTI,7.0,Voti ottenuti,0
NAZIONALI,1963,PAPI,15,PERC_VAL,0.12,Percentuale (su voti validi),0
NAZIONALI,1963,PAPI,15,PERC_ASS,0.11,Percentuale (su aventi diritto),0
NAZIONALI,1963,MOV.POL.CATT.IT.,16,PERC_ASS,0.05,Percentuale (su aventi diritto),0
NAZIONALI,1963,MOV.POL.CATT.IT.,16,VOTI_OTTENUTI,3.0,Voti ottenuti,0
NAZIONALI,1963,MOV.POL.CATT.IT.,16,PERC_VAL,0.05,Percentuale (su voti validi),0
NAZIONALI,1963,CONC.UNITA'RURALE,17,VOTI_OTTENUTI,3.0,Voti ottenuti,0
NAZIONALI,1963,CONC.UNITA'RURALE,17,PERC_VAL,0.05,Percentuale (su voti validi),0
NAZIONALI,1963,CONC.UNITA'RURALE,17,PERC_ASS,0.05,Percentuale (su aventi diritto),0
NAZIONALI,1968,ELETTORI,1,VOTI_OTTENUTI,6545.0,Voti ottenuti,1
NAZIONALI,1968,ELETTORI,1,PERC_VAL,,Percentuale (su voti validi),1
NAZIONALI,1968,ELETTORI,1,PERC_ASS,100.0,Percentuale (su aventi diritto),1
NAZIONALI,1968,VOTANTI,2,VOTI_OTTENUTI,6308.0,Voti ottenuti,1
NAZIONALI,1968,VOTANTI,2,PERC_VAL,,Percentuale (su voti validi),1
NAZIONALI,1968,VOTANTI,2,PERC_ASS,96.38,Percentuale (su aventi diritto),1
NAZIONALI,1968,DC,3,VOTI_OTTENUTI,3211.0,Voti ottenuti,0
NAZIONALI,1968,DC,3,PERC_VAL,53.46,Percentuale (su voti validi),0
NAZIONALI,1968,DC,3,PERC_ASS,49.06,Percentuale (su aventi diritto),0
NAZIONALI,1968,PCI,4,VOTI_OTTENUTI,1150.0,Voti ottenuti,0
NAZIONALI,1968,PCI,4,PERC_VAL,19.15,Percentuale (su voti validi),0
NAZIONALI,1968,PCI,4,PERC_ASS,17.57,Percentuale (su aventi diritto),0
NAZIONALI,1968,PSU,5,PERC_VAL,15.37,Percentuale (su voti validi),0
NAZIONALI,1968,PSU,5,PERC_ASS,14.1,Percentuale (su aventi diritto),0
NAZIONALI,1968,PSU,5,VOTI_OTTENUTI,923.0,Voti ottenuti,0
NAZIONALI,1968,PSIUP,6,PERC_ASS,4.49,Percentuale (su aventi diritto),0
NAZIONALI,1968,PSIUP,6,VOTI_OTTENUTI,294.0,Voti ottenuti,0
NAZIONALI,1968,PSIUP,6,PERC_VAL,4.9,Percentuale (su voti validi),0
NAZIONALI,1968,ASTENUTI,7,PERC_ASS,3.62,Percentuale (su aventi diritto),1
NAZIONALI,1968,ASTENUTI,7,VOTI_OTTENUTI,237.0,Voti ottenuti,1
NAZIONALI,1968,ASTENUTI,7,PERC_VAL,,Percentuale (su voti validi),1
NAZIONALI,1968,BIANCHE,8,PERC_ASS,3.53,Percentuale (su aventi diritto),1
NAZIONALI,1968,BIANCHE,8,VOTI_OTTENUTI,231.0,Voti ottenuti,1
NAZIONALI,1968,BIANCHE,8,PERC_VAL,,Percentuale (su voti validi),1
NAZIONALI,1968,PLI,9,PERC_ASS,3.33,Percentuale (su aventi diritto),0
NAZIONALI,1968,PLI,9,PERC_VAL,3.63,Percentuale (su voti validi),0
NAZIONALI,1968,PLI,9,VOTI_OTTENUTI,218.0,Voti ottenuti,0
NAZIONALI,1968,MSI,10,PERC_VAL,1.6,Percentuale (su voti validi),0
NAZIONALI,1968,MSI,10,PERC_ASS,1.47,Percentuale (su aventi diritto),0
NAZIONALI,1968,MSI,10,VOTI_OTTENUTI,96.0,Voti ottenuti,0
NAZIONALI,1968,NULLE,11,PERC_VAL,,Percentuale (su voti validi),1
NAZIONALI,1968,NULLE,11,PERC_ASS,1.08,Percentuale (su aventi diritto),1
NAZIONALI,1968,NULLE,11,VOTI_OTTENUTI,71.0,Voti ottenuti,1
NAZIONALI,1968,PDIUM,12,PERC_VAL,0.72,Percentuale (su voti validi),0
NAZIONALI,1968,PDIUM,12,PERC_ASS,0.66,Percentuale (su aventi diritto),0
NAZIONALI,1968,PDIUM,12,VOTI_OTTENUTI,43.0,Voti ottenuti,0
NAZIONALI,1968,PART.MON.NAZ.,13,PERC_ASS,0.37,Percentuale (su aventi diritto),0
NAZIONALI,1968,PART.MON.NAZ.,13,VOTI_OTTENUTI,24.0,Voti ottenuti,0
NAZIONALI,1968,PART.MON.NAZ.,13,PERC_VAL,0.4,Percentuale (su voti validi),0
NAZIONALI,1968,PRI,14,PERC_VAL,0.35,Percentuale (su voti validi),0
NAZIONALI,1968,PRI,14,PERC_ASS,0.32,Percentuale (su aventi diritto),0
NAZIONALI,1968,PRI,14,VOTI_OTTENUTI,21.0,Voti ottenuti,0
NAZIONALI,1968,NUOVA REPUBBLICA,15,VOTI_OTTENUTI,17.0,Voti ottenuti,0
NAZIONALI,1968,NUOVA REPUBBLICA,15,PERC_VAL,0.28,Percentuale (su voti validi),0
NAZIONALI,1968,NUOVA REPUBBLICA,15,PERC_ASS,0.26,Percentuale (su aventi diritto),0
NAZIONALI,1968,RAG.VOL.,16,PERC_ASS,0.09,Percentuale (su aventi diritto),0
NAZIONALI,1968,RAG.VOL.,16,VOTI_OTTENUTI,6.0,Voti ottenuti,0
NAZIONALI,1968,RAG.VOL.,16,PERC_VAL,0.1,Percentuale (su voti validi),0
NAZIONALI,1968,P.RAD,17,VOTI_OTTENUTI,3.0,Voti ottenuti,0
NAZIONALI,1968,P.RAD,17,PERC_VAL,0.05,Percentuale (su voti validi),0
NAZIONALI,1968,P.RAD,17,PERC_ASS,0.05,Percentuale (su aventi diritto),0
NAZIONALI,1972,ELETTORI,1,VOTI_OTTENUTI,2776.0,Voti ottenuti,1
NAZIONALI,1972,ELETTORI,1,PERC_VAL,,Percentuale (su voti validi),1
NAZIONALI,1972,ELETTORI,1,PERC_ASS,100.0,Percentuale (su aventi diritto),1
NAZIONALI,1972,VOTANTI,2,VOTI_OTTENUTI,2681.0,Voti ottenuti,1
NAZIONALI,1972,VOTANTI,2,PERC_VAL,,Percentuale (su voti validi),1
NAZIONALI,1972,VOTANTI,2,PERC_ASS,96.58,Percentuale (su aventi diritto),1
NAZIONALI,1972,DC,3,VOTI_OTTENUTI,1288.0,Voti ottenuti,0
NAZIONALI,1972,DC,3,PERC_VAL,50.06,Percentuale (su voti validi),0
NAZIONALI,1972,DC,3,PERC_ASS,46.4,Percentuale (su aventi diritto),0
NAZIONALI,1972,PCI,4,VOTI_OTTENUTI,553.0,Voti ottenuti,0
NAZIONALI,1972,PCI,4,PERC_VAL,21.49,Percentuale (su voti validi),0
NAZIONALI,1972,PCI,4,PERC_ASS,19.92,Percentuale (su aventi diritto),0
NAZIONALI,1972,PSI,5,PERC_VAL,14.19,Percentuale (su voti validi),0
NAZIONALI,1972,PSI,5,PERC_ASS,13.15,Percentuale (su aventi diritto),0
NAZIONALI,1972,PSI,5,VOTI_OTTENUTI,365.0,Voti ottenuti,0
NAZIONALI,1972,ASTENUTI,6,PERC_ASS,3.42,Percentuale (su aventi diritto),1
NAZIONALI,1972,ASTENUTI,6,VOTI_OTTENUTI,95.0,Voti ottenuti,1
NAZIONALI,1972,ASTENUTI,6,PERC_VAL,,Percentuale (su voti validi),1
NAZIONALI,1972,BIANCHE,7,PERC_ASS,3.06,Percentuale (su aventi diritto),1
NAZIONALI,1972,BIANCHE,7,VOTI_OTTENUTI,85.0,Voti ottenuti,1
NAZIONALI,1972,BIANCHE,7,PERC_VAL,,Percentuale (su voti validi),1
NAZIONALI,1972,PSDI,8,PERC_ASS,3.03,Percentuale (su aventi diritto),0
NAZIONALI,1972,PSDI,8,VOTI_OTTENUTI,84.0,Voti ottenuti,0
NAZIONALI,1972,PSDI,8,PERC_VAL,3.26,Percentuale (su voti validi),0
NAZIONALI,1972,PLI,9,PERC_ASS,2.95,Percentuale (su aventi diritto),0
NAZIONALI,1972,PLI,9,PERC_VAL,3.19,Percentuale (su voti validi),0
NAZIONALI,1972,PLI,9,VOTI_OTTENUTI,82.0,Voti ottenuti,0
NAZIONALI,1972,PSIUP,10,PERC_VAL,2.29,Percentuale (su voti validi),0
NAZIONALI,1972,PSIUP,10,PERC_ASS,2.13,Percentuale (su aventi diritto),0
NAZIONALI,1972,PSIUP,10,VOTI_OTTENUTI,59.0,Voti ottenuti,0
NAZIONALI,1972,MSI,11,PERC_VAL,2.1,Percentuale (su voti validi),0
NAZIONALI,1972,MSI,11,PERC_ASS,1.95,Percentuale (su aventi diritto),0
NAZIONALI,1972,MSI,11,VOTI_OTTENUTI,54.0,Voti ottenuti,0
NAZIONALI,1972,PRI,12,PERC_VAL,1.17,Percentuale (su voti validi),0
NAZIONALI,1972,PRI,12,PERC_ASS,1.08,Percentuale (su aventi diritto),0
NAZIONALI,1972,PRI,12,VOTI_OTTENUTI,30.0,Voti ottenuti,0
NAZIONALI,1972,MOV.POL.LAV.,13,PERC_ASS,1.04,Percentuale (su aventi diritto),0
NAZIONALI,1972,MOV.POL.LAV.,13,VOTI_OTTENUTI,29.0,Voti ottenuti,0
NAZIONALI,1972,MOV.POL.LAV.,13,PERC_VAL,1.13,Percentuale (su voti validi),0
NAZIONALI,1972,NULLE,14,PERC_VAL,,Percentuale (su voti validi),1
NAZIONALI,1972,NULLE,14,PERC_ASS,0.83,Percentuale (su aventi diritto),1
NAZIONALI,1972,NULLE,14,VOTI_OTTENUTI,23.0,Voti ottenuti,1
NAZIONALI,1972,MANIFESTO,15,VOTI_OTTENUTI,15.0,Voti ottenuti,0
NAZIONALI,1972,MANIFESTO,15,PERC_VAL,0.58,Percentuale (su voti validi),0
NAZIONALI,1972,MANIFESTO,15,PERC_ASS,0.54,Percentuale (su aventi diritto),0
NAZIONALI,1972,PC(MARX-LEN)IT,16,PERC_ASS,0.4,Percentuale (su aventi diritto),0
NAZIONALI,1972,PC(MARX-LEN)IT,16,VOTI_OTTENUTI,11.0,Voti ottenuti,0
NAZIONALI,1972,PC(MARX-LEN)IT,16,PERC_VAL,0.43,Percentuale (su voti validi),0
NAZIONALI,1972,UN.FORZE DEM.,17,VOTI_OTTENUTI,3.0,Voti ottenuti,0
NAZIONALI,1972,UN.FORZE DEM.,17,PERC_VAL,0.12,Percentuale (su voti validi),0
NAZIONALI,1972,UN.FORZE DEM.,17,PERC_ASS,0.11,Percentuale (su aventi diritto),0
NAZIONALI,1976,ELETTORI,1,VOTI_OTTENUTI,3122.0,Voti ottenuti,1
NAZIONALI,1976,ELETTORI,1,PERC_VAL,,Percentuale (su voti validi),1
NAZIONALI,1976,ELETTORI,1,PERC_ASS,100.0,Percentuale (su aventi diritto),1
NAZIONALI,1976,VOTANTI,2,VOTI_OTTENUTI,2985.0,Voti ottenuti,1
NAZIONALI,1976,VOTANTI,2,PERC_VAL,,Percentuale (su voti validi),1
NAZIONALI,1976,VOTANTI,2,PERC_ASS,95.61,Percentuale (su aventi diritto),1
NAZIONALI,1976,DC,3,VOTI_OTTENUTI,1239.0,Voti ottenuti,0
NAZIONALI,1976,DC,3,PERC_VAL,43.14,Percentuale (su voti validi),0
NAZIONALI,1976,DC,3,PERC_ASS,39.69,Percentuale (su aventi diritto),0
NAZIONALI,1976,PCI,4,VOTI_OTTENUTI,922.0,Voti ottenuti,0
NAZIONALI,1976,PCI,4,PERC_VAL,32.1,Percentuale (su voti validi),0
NAZIONALI,1976,PCI,4,PERC_ASS,29.53,Percentuale (su aventi diritto),0
NAZIONALI,1976,PSI,5,PERC_VAL,11.98,Percentuale (su voti validi),0
NAZIONALI,1976,PSI,5,PERC_ASS,11.02,Percentuale (su aventi diritto),0
NAZIONALI,1976,PSI,5,VOTI_OTTENUTI,344.0,Voti ottenuti,0
NAZIONALI,1976,ASTENUTI,6,PERC_ASS,4.39,Percentuale (su aventi diritto),1
NAZIONALI,1976,ASTENUTI,6,VOTI_OTTENUTI,137.0,Voti ottenuti,1
NAZIONALI,1976,ASTENUTI,6,PERC_VAL,,Percentuale (su voti validi),1
NAZIONALI,1976,DEM.PROL,7,PERC_ASS,3.07,Percentuale (su aventi diritto),0
NAZIONALI,1976,DEM.PROL,7,VOTI_OTTENUTI,96.0,Voti ottenuti,0
NAZIONALI,1976,DEM.PROL,7,PERC_VAL,3.34,Percentuale (su voti validi),0
NAZIONALI,1976,BIANCHE,8,PERC_ASS,2.72,Percentuale (su aventi diritto),1
NAZIONALI,1976,BIANCHE,8,PERC_VAL,,Percentuale (su voti validi),1
NAZIONALI,1976,BIANCHE,8,VOTI_OTTENUTI,85.0,Voti ottenuti,1
NAZIONALI,1976,PSDI,9,PERC_VAL,2.92,Percentuale (su voti validi),0
NAZIONALI,1976,PSDI,9,PERC_ASS,2.69,Percentuale (su aventi diritto),0
NAZIONALI,1976,PSDI,9,VOTI_OTTENUTI,84.0,Voti ottenuti,0
NAZIONALI,1976,PRI,10,PERC_VAL,2.61,Percentuale (su voti validi),0
NAZIONALI,1976,PRI,10,PERC_ASS,2.4,Percentuale (su aventi diritto),0
NAZIONALI,1976,PRI,10,VOTI_OTTENUTI,75.0,Voti ottenuti,0
NAZIONALI,1976,MSI-DN,11,PERC_VAL,1.95,Percentuale (su voti validi),0
NAZIONALI,1976,MSI-DN,11,PERC_ASS,1.79,Percentuale (su aventi diritto),0
NAZIONALI,1976,MSI-DN,11,VOTI_OTTENUTI,56.0,Voti ottenuti,0
NAZIONALI,1976,PLI,12,PERC_ASS,0.99,Percentuale (su aventi diritto),0
NAZIONALI,1976,PLI,12,VOTI_OTTENUTI,31.0,Voti ottenuti,0
NAZIONALI,1976,PLI,12,PERC_VAL,1.08,Percentuale (su voti validi),0
NAZIONALI,1976,NULLE,13,VOTI_OTTENUTI,28.0,Voti ottenuti,1
NAZIONALI,1976,NULLE,13,PERC_VAL,,Percentuale (su voti validi),1
NAZIONALI,1976,NULLE,13,PERC_ASS,0.9,Percentuale (su aventi diritto),1
NAZIONALI,1976,P.RAD,14,VOTI_OTTENUTI,23.0,Voti ottenuti,0
NAZIONALI,1976,P.RAD,14,PERC_VAL,0.8,Percentuale (su voti validi),0
NAZIONALI,1976,P.RAD,14,PERC_ASS,0.74,Percentuale (su aventi diritto),0
NAZIONALI,1976,POE,15,VOTI_OTTENUTI,2.0,Voti ottenuti,0
NAZIONALI,1976,POE,15,PERC_VAL,0.07,Percentuale (su voti validi),0
NAZIONALI,1976,POE,15,PERC_ASS,0.06,Percentuale (su aventi diritto),0
NAZIONALI,1979,ELETTORI,1,VOTI_OTTENUTI,3192.0,Voti ottenuti,1
NAZIONALI,1979,ELETTORI,1,PERC_VAL,,Percentuale (su voti validi),1
NAZIONALI,1979,ELETTORI,1,PERC_ASS,100.0,Percentuale (su aventi diritto),1
NAZIONALI,1979,VOTANTI,2,VOTI_OTTENUTI,3036.0,Voti ottenuti,1
NAZIONALI,1979,VOTANTI,2,PERC_VAL,,Percentuale (su voti validi),1
NAZIONALI,1979,VOTANTI,2,PERC_ASS,95.11,Percentuale (su aventi diritto),1
NAZIONALI,1979,DC,3,VOTI_OTTENUTI,1290.0,Voti ottenuti,0
NAZIONALI,1979,DC,3,PERC_VAL,44.76,Percentuale (su voti validi),0
NAZIONALI,1979,DC,3,PERC_ASS,40.41,Percentuale (su aventi diritto),0
NAZIONALI,1979,PCI,4,VOTI_OTTENUTI,818.0,Voti ottenuti,0
NAZIONALI,1979,PCI,4,PERC_VAL,28.38,Percentuale (su voti validi),0
NAZIONALI,1979,PCI,4,PERC_ASS,25.63,Percentuale (su aventi diritto),0
NAZIONALI,1979,PSI,5,PERC_VAL,9.58,Percentuale (su voti validi),0
NAZIONALI,1979,PSI,5,PERC_ASS,8.65,Percentuale (su aventi diritto),0
NAZIONALI,1979,PSI,5,VOTI_OTTENUTI,276.0,Voti ottenuti,0
NAZIONALI,1979,ASTENUTI,6,PERC_ASS,4.89,Percentuale (su aventi diritto),1
NAZIONALI,1979,ASTENUTI,6,VOTI_OTTENUTI,156.0,Voti ottenuti,1
NAZIONALI,1979,ASTENUTI,6,PERC_VAL,,Percentuale (su voti validi),1
NAZIONALI,1979,PSDI,7,PERC_ASS,4.1,Percentuale (su aventi diritto),0
NAZIONALI,1979,PSDI,7,VOTI_OTTENUTI,131.0,Voti ottenuti,0
NAZIONALI,1979,PSDI,7,PERC_VAL,4.55,Percentuale (su voti validi),0
NAZIONALI,1979,BIANCHE,8,PERC_ASS,3.67,Percentuale (su aventi diritto),1
NAZIONALI,1979,BIANCHE,8,PERC_VAL,,Percentuale (su voti validi),1
NAZIONALI,1979,BIANCHE,8,VOTI_OTTENUTI,117.0,Voti ottenuti,1
NAZIONALI,1979,P.RAD,9,PERC_ASS,2.32,Percentuale (su aventi diritto),0
NAZIONALI,1979,P.RAD,9,PERC_VAL,2.57,Percentuale (su voti validi),0
NAZIONALI,1979,P.RAD,9,VOTI_OTTENUTI,74.0,Voti ottenuti,0
NAZIONALI,1979,MSI-DN,10,PERC_VAL,2.29,Percentuale (su voti validi),0
NAZIONALI,1979,MSI-DN,10,PERC_ASS,2.07,Percentuale (su aventi diritto),0
NAZIONALI,1979,MSI-DN,10,VOTI_OTTENUTI,66.0,Voti ottenuti,0
NAZIONALI,1979,PRI,11,PERC_VAL,2.15,Percentuale (su voti validi),0
NAZIONALI,1979,PRI,11,VOTI_OTTENUTI,62.0,Voti ottenuti,0
NAZIONALI,1979,PRI,11,PERC_ASS,1.94,Percentuale (su aventi diritto),0
NAZIONALI,1979,PDUP,12,PERC_ASS,1.85,Percentuale (su aventi diritto),0
NAZIONALI,1979,PDUP,12,PERC_VAL,2.05,Percentuale (su voti validi),0
NAZIONALI,1979,PDUP,12,VOTI_OTTENUTI,59.0,Voti ottenuti,0
NAZIONALI,1979,NUOVA SIN.UNITA,13,PERC_VAL,1.7,Percentuale (su voti validi),0
NAZIONALI,1979,NUOVA SIN.UNITA,13,VOTI_OTTENUTI,49.0,Voti ottenuti,0
NAZIONALI,1979,NUOVA SIN.UNITA,13,PERC_ASS,1.54,Percentuale (su aventi diritto),0
NAZIONALI,1979,NULLE,14,VOTI_OTTENUTI,37.0,Voti ottenuti,1
NAZIONALI,1979,NULLE,14,PERC_VAL,,Percentuale (su voti validi),1
NAZIONALI,1979,NULLE,14,PERC_ASS,1.16,Percentuale (su aventi diritto),1
NAZIONALI,1979,PLI,15,PERC_ASS,0.94,Percentuale (su aventi diritto),0
NAZIONALI,1979,PLI,15,PERC_VAL,1.04,Percentuale (su voti validi),0
NAZIONALI,1979,PLI,15,VOTI_OTTENUTI,30.0,Voti ottenuti,0
NAZIONALI,1979,DN-CD,16,VOTI_OTTENUTI,19.0,Voti ottenuti,0
NAZIONALI,1979,DN-CD,16,PERC_ASS,0.6,Percentuale (su aventi diritto),0
NAZIONALI,1979,DN-CD,16,PERC_VAL,0.66,Percentuale (su voti validi),0
NAZIONALI,1979,POE,17,PERC_ASS,0.22,Percentuale (su aventi diritto),0
NAZIONALI,1979,POE,17,VOTI_OTTENUTI,7.0,Voti ottenuti,0
NAZIONALI,1979,POE,17,PERC_VAL,0.24,Percentuale (su voti validi),0
NAZIONALI,1979,PARTITO POPOLARE ITALIANO,18,PERC_VAL,0.03,Percentuale (su voti validi),0
NAZIONALI,1979,PARTITO POPOLARE ITALIANO,18,VOTI_OTTENUTI,1.0,Voti ottenuti,0
NAZIONALI,1979,PARTITO POPOLARE ITALIANO,18,PERC_ASS,0.03,Percentuale (su aventi diritto),0
NAZIONALI,1983,ELETTORI,1,VOTI_OTTENUTI,3345.0,Voti ottenuti,1
NAZIONALI,1983,ELETTORI,1,PERC_VAL,,Percentuale (su voti validi),1
NAZIONALI,1983,ELETTORI,1,PERC_ASS,100.0,Percentuale (su aventi diritto),1
NAZIONALI,1983,VOTANTI,2,VOTI_OTTENUTI,3150.0,Voti ottenuti,1
NAZIONALI,1983,VOTANTI,2,PERC_VAL,,Percentuale (su voti validi),1
NAZIONALI,1983,VOTANTI,2,PERC_ASS,94.17,Percentuale (su aventi diritto),1
NAZIONALI,1983,DC,3,VOTI_OTTENUTI,1024.0,Voti ottenuti,0
NAZIONALI,1983,DC,3,PERC_VAL,35.1,Percentuale (su voti validi),0
NAZIONALI,1983,DC,3,PERC_ASS,30.61,Percentuale (su aventi diritto),0
NAZIONALI,1983,PCI,4,VOTI_OTTENUTI,755.0,Voti ottenuti,0
NAZIONALI,1983,PCI,4,PERC_VAL,25.88,Percentuale (su voti validi),0
NAZIONALI,1983,PCI,4,PERC_ASS,22.57,Percentuale (su aventi diritto),0
NAZIONALI,1983,PSI,5,PERC_VAL,14.33,Percentuale (su voti validi),0
NAZIONALI,1983,PSI,5,PERC_ASS,12.5,Percentuale (su aventi diritto),0
NAZIONALI,1983,PSI,5,VOTI_OTTENUTI,418.0,Voti ottenuti,0
NAZIONALI,1983,ASTENUTI,6,PERC_ASS,5.83,Percentuale (su aventi diritto),1
NAZIONALI,1983,ASTENUTI,6,VOTI_OTTENUTI,195.0,Voti ottenuti,1
NAZIONALI,1983,ASTENUTI,6,PERC_VAL,,Percentuale (su voti validi),1
NAZIONALI,1983,PRI,7,PERC_ASS,4.51,Percentuale (su aventi diritto),0
NAZIONALI,1983,PRI,7,VOTI_OTTENUTI,151.0,Voti ottenuti,0
NAZIONALI,1983,PRI,7,PERC_VAL,5.18,Percentuale (su voti validi),0
NAZIONALI,1983,PSDI,8,PERC_ASS,4.25,Percentuale (su aventi diritto),0
NAZIONALI,1983,PSDI,8,PERC_VAL,4.87,Percentuale (su voti validi),0
NAZIONALI,1983,PSDI,8,VOTI_OTTENUTI,142.0,Voti ottenuti,0
NAZIONALI,1983,NULLE,9,PERC_ASS,3.92,Percentuale (su aventi diritto),1
NAZIONALI,1983,NULLE,9,PERC_VAL,,Percentuale (su voti validi),1
NAZIONALI,1983,NULLE,9,VOTI_OTTENUTI,131.0,Voti ottenuti,1
NAZIONALI,1983,MSI-DN,10,PERC_VAL,3.98,Percentuale (su voti validi),0
NAZIONALI,1983,MSI-DN,10,PERC_ASS,3.47,Percentuale (su aventi diritto),0
NAZIONALI,1983,MSI-DN,10,VOTI_OTTENUTI,116.0,Voti ottenuti,0
NAZIONALI,1983,BIANCHE,11,PERC_VAL,,Percentuale (su voti validi),1
NAZIONALI,1983,BIANCHE,11,VOTI_OTTENUTI,102.0,Voti ottenuti,1
NAZIONALI,1983,BIANCHE,11,PERC_ASS,3.05,Percentuale (su aventi diritto),1
NAZIONALI,1983,P.RAD,12,PERC_ASS,2.6,Percentuale (su aventi diritto),0
NAZIONALI,1983,P.RAD,12,PERC_VAL,2.98,Percentuale (su voti validi),0
NAZIONALI,1983,P.RAD,12,VOTI_OTTENUTI,87.0,Voti ottenuti,0
NAZIONALI,1983,DEM.PROL,13,PERC_VAL,2.61,Percentuale (su voti validi),0
NAZIONALI,1983,DEM.PROL,13,VOTI_OTTENUTI,76.0,Voti ottenuti,0
NAZIONALI,1983,DEM.PROL,13,PERC_ASS,2.27,Percentuale (su aventi diritto),0
NAZIONALI,1983,PLI,14,VOTI_OTTENUTI,74.0,Voti ottenuti,0
NAZIONALI,1983,PLI,14,PERC_VAL,2.54,Percentuale (su voti validi),0
NAZIONALI,1983,PLI,14,PERC_ASS,2.21,Percentuale (su aventi diritto),0
NAZIONALI,1983,PART.NAZ.PENS.,15,PERC_ASS,1.82,Percentuale (su aventi diritto),0
NAZIONALI,1983,PART.NAZ.PENS.,15,PERC_VAL,2.09,Percentuale (su voti validi),0
NAZIONALI,1983,PART.NAZ.PENS.,15,VOTI_OTTENUTI,61.0,Voti ottenuti,0
NAZIONALI,1983,VIV.LIB.,16,VOTI_OTTENUTI,5.0,Voti ottenuti,0
NAZIONALI,1983,VIV.LIB.,16,PERC_ASS,0.15,Percentuale (su aventi diritto),0
NAZIONALI,1983,VIV.LIB.,16,PERC_VAL,0.17,Percentuale (su voti validi),0
NAZIONALI,1983,POE,17,PERC_ASS,0.15,Percentuale (su aventi diritto),0
NAZIONALI,1983,POE,17,VOTI_OTTENUTI,5.0,Voti ottenuti,0
NAZIONALI,1983,POE,17,PERC_VAL,0.17,Percentuale (su voti validi),0
NAZIONALI,1983,LISTA PER TRIESTE,18,PERC_VAL,0.1,Percentuale (su voti validi),0
NAZIONALI,1983,LISTA PER TRIESTE,18,VOTI_OTTENUTI,3.0,Voti ottenuti,0
NAZIONALI,1983,LISTA PER TRIESTE,18,PERC_ASS,0.09,Percentuale (su aventi diritto),0
NAZIONALI,1987,ELETTORI,1,VOTI_OTTENUTI,3580.0,Voti ottenuti,1
NAZIONALI,1987,ELETTORI,1,PERC_VAL,,Percentuale (su voti validi),1
NAZIONALI,1987,ELETTORI,1,PERC_ASS,100.0,Percentuale (su aventi diritto),1
NAZIONALI,1987,VOTANTI,2,VOTI_OTTENUTI,3358.0,Voti ottenuti,1
NAZIONALI,1987,VOTANTI,2,PERC_VAL,,Percentuale (su voti validi),1
NAZIONALI,1987,VOTANTI,2,PERC_ASS,93.8,Percentuale (su aventi diritto),1
NAZIONALI,1987,DC,3,VOTI_OTTENUTI,1143.0,Voti ottenuti,0
NAZIONALI,1987,DC,3,PERC_VAL,35.72,Percentuale (su voti validi),0
NAZIONALI,1987,DC,3,PERC_ASS,31.93,Percentuale (su aventi diritto),0
NAZIONALI,1987,PCI,4,VOTI_OTTENUTI,695.0,Voti ottenuti,0
NAZIONALI,1987,PCI,4,PERC_VAL,21.72,Percentuale (su voti validi),0
NAZIONALI,1987,PCI,4,PERC_ASS,19.41,Percentuale (su aventi diritto),0
NAZIONALI,1987,PSI,5,VOTI_OTTENUTI,555.0,Voti ottenuti,0
NAZIONALI,1987,PSI,5,PERC_VAL,17.34,Percentuale (su voti validi),0
NAZIONALI,1987,PSI,5,PERC_ASS,15.5,Percentuale (su aventi diritto),0
NAZIONALI,1987,LEGA LOMBARDA,6,PERC_VAL,7.38,Percentuale (su voti validi),0
NAZIONALI,1987,LEGA LOMBARDA,6,PERC_ASS,6.59,Percentuale (su aventi diritto),0
NAZIONALI,1987,LEGA LOMBARDA,6,VOTI_OTTENUTI,236.0,Voti ottenuti,0
NAZIONALI,1987,ASTENUTI,7,PERC_ASS,6.2,Percentuale (su aventi diritto),1
NAZIONALI,1987,ASTENUTI,7,VOTI_OTTENUTI,222.0,Voti ottenuti,1
NAZIONALI,1987,ASTENUTI,7,PERC_VAL,,Percentuale (su voti validi),1
NAZIONALI,1987,LISTA VERDE,8,PERC_ASS,3.16,Percentuale (su aventi diritto),0
NAZIONALI,1987,LISTA VERDE,8,VOTI_OTTENUTI,113.0,Voti ottenuti,0
NAZIONALI,1987,LISTA VERDE,8,PERC_VAL,3.53,Percentuale (su voti validi),0
NAZIONALI,1987,DEM.PROL,9,PERC_ASS,2.63,Percentuale (su aventi diritto),0
NAZIONALI,1987,DEM.PROL,9,VOTI_OTTENUTI,94.0,Voti ottenuti,0
NAZIONALI,1987,DEM.PROL,9,PERC_VAL,2.94,Percentuale (su voti validi),0
NAZIONALI,1987,P.RAD,10,PERC_ASS,2.23,Percentuale (su aventi diritto),0
NAZIONALI,1987,P.RAD,10,PERC_VAL,2.5,Percentuale (su voti validi),0
NAZIONALI,1987,P.RAD,10,VOTI_OTTENUTI,80.0,Voti ottenuti,0
NAZIONALI,1987,BIANCHE,11,PERC_ASS,2.21,Percentuale (su aventi diritto),1
NAZIONALI,1987,BIANCHE,11,PERC_VAL,,Percentuale (su voti validi),1
NAZIONALI,1987,BIANCHE,11,VOTI_OTTENUTI,79.0,Voti ottenuti,1
NAZIONALI,1987,NULLE,12,PERC_VAL,,Percentuale (su voti validi),1
NAZIONALI,1987,NULLE,12,PERC_ASS,2.21,Percentuale (su aventi diritto),1
NAZIONALI,1987,NULLE,12,VOTI_OTTENUTI,79.0,Voti ottenuti,1
NAZIONALI,1987,MSI-DN,13,PERC_VAL,2.41,Percentuale (su voti validi),0
NAZIONALI,1987,MSI-DN,13,PERC_ASS,2.15,Percentuale (su aventi diritto),0
NAZIONALI,1987,MSI-DN,13,VOTI_OTTENUTI,77.0,Voti ottenuti,0
NAZIONALI,1987,PRI,14,PERC_VAL,2.03,Percentuale (su voti validi),0
NAZIONALI,1987,PRI,14,PERC_ASS,1.82,Percentuale (su aventi diritto),0
NAZIONALI,1987,PRI,14,VOTI_OTTENUTI,65.0,Voti ottenuti,0
NAZIONALI,1987,PSDI,15,PERC_VAL,1.84,Percentuale (su voti validi),0
NAZIONALI,1987,PSDI,15,PERC_ASS,1.65,Percentuale (su aventi diritto),0
NAZIONALI,1987,PSDI,15,VOTI_OTTENUTI,59.0,Voti ottenuti,0
NAZIONALI,1987,PLI,16,PERC_ASS,1.12,Percentuale (su aventi diritto),0
NAZIONALI,1987,PLI,16,PERC_VAL,1.25,Percentuale (su voti validi),0
NAZIONALI,1987,PLI,16,VOTI_OTTENUTI,40.0,Voti ottenuti,0
NAZIONALI,1987,LIGA VENETA-PU,17,VOTI_OTTENUTI,26.0,Voti ottenuti,0
NAZIONALI,1987,LIGA VENETA-PU,17,PERC_VAL,0.81,Percentuale (su voti validi),0
NAZIONALI,1987,LIGA VENETA-PU,17,PERC_ASS,0.73,Percentuale (su aventi diritto),0
NAZIONALI,1987,MOV.NAZ.IT.CACC.,18,VOTI_OTTENUTI,7.0,Voti ottenuti,0
NAZIONALI,1987,MOV.NAZ.IT.CACC.,18,PERC_ASS,0.2,Percentuale (su aventi diritto),0
NAZIONALI,1987,MOV.NAZ.IT.CACC.,18,PERC_VAL,0.22,Percentuale (su voti validi),0
NAZIONALI,1987,MOV.LIB.FISCALE,19,VOTI_OTTENUTI,4.0,Voti ottenuti,0
NAZIONALI,1987,MOV.LIB.FISCALE,19,PERC_ASS,0.11,Percentuale (su aventi diritto),0
NAZIONALI,1987,MOV.LIB.FISCALE,19,PERC_VAL,0.12,Percentuale (su voti validi),0
NAZIONALI,1987,ALL.UM.,20,PERC_ASS,0.06,Percentuale (su aventi diritto),0
NAZIONALI,1987,ALL.UM.,20,PERC_VAL,0.06,Percentuale (su voti validi),0
NAZIONALI,1987,ALL.UM.,20,VOTI_OTTENUTI,2.0,Voti ottenuti,0
NAZIONALI,1987,PS D'AZ.,21,PERC_ASS,0.06,Percentuale (su aventi diritto),0
NAZIONALI,1987,PS D'AZ.,21,VOTI_OTTENUTI,2.0,Voti ottenuti,0
NAZIONALI,1987,PS D'AZ.,21,PERC_VAL,0.06,Percentuale (su voti validi),0
NAZIONALI,1987,ALL.POP.,22,PERC_VAL,0.06,Percentuale (su voti validi),0
NAZIONALI,1987,ALL.POP.,22,VOTI_OTTENUTI,2.0,Voti ottenuti,0
NAZIONALI,1987,ALL.POP.,22,PERC_ASS,0.06,Percentuale (su aventi diritto),0
NAZIONALI,1992,ELETTORI,1,VOTI_OTTENUTI,3806.0,Voti ottenuti,1
NAZIONALI,1992,ELETTORI,1,PERC_ASS,100.0,Percentuale (su aventi diritto),1
NAZIONALI,1992,ELETTORI,1,PERC_VAL,,Percentuale (su voti validi),1
NAZIONALI,1992,VOTANTI,2,VOTI_OTTENUTI,3516.0,Voti ottenuti,1
NAZIONALI,1992,VOTANTI,2,PERC_ASS,92.38,Percentuale (su aventi diritto),1
NAZIONALI,1992,VOTANTI,2,PERC_VAL,,Percentuale (su voti validi),1
NAZIONALI,1992,LEGA LOMBARDA,3,VOTI_OTTENUTI,1175.0,Voti ottenuti,0
NAZIONALI,1992,LEGA LOMBARDA,3,PERC_ASS,30.87,Percentuale (su aventi diritto),0
NAZIONALI,1992,LEGA LOMBARDA,3,PERC_VAL,34.63,Percentuale (su voti validi),0
NAZIONALI,1992,DC,4,VOTI_OTTENUTI,682.0,Voti ottenuti,0
NAZIONALI,1992,DC,4,PERC_ASS,17.92,Percentuale (su aventi diritto),0
NAZIONALI,1992,DC,4,PERC_VAL,20.1,Percentuale (su voti validi),0
NAZIONALI,1992,PSI,5,PERC_ASS,11.38,Percentuale (su aventi diritto),0
NAZIONALI,1992,PSI,5,PERC_VAL,12.76,Percentuale (su voti validi),0
NAZIONALI,1992,PSI,5,VOTI_OTTENUTI,433.0,Voti ottenuti,0
NAZIONALI,1992,PDS,6,PERC_VAL,8.93,Percentuale (su voti validi),0
NAZIONALI,1992,PDS,6,VOTI_OTTENUTI,303.0,Voti ottenuti,0
NAZIONALI,1992,PDS,6,PERC_ASS,7.96,Percentuale (su aventi diritto),0
NAZIONALI,1992,ASTENUTI,7,PERC_VAL,,Percentuale (su voti validi),1
NAZIONALI,1992,ASTENUTI,7,VOTI_OTTENUTI,290.0,Voti ottenuti,1
NAZIONALI,1992,ASTENUTI,7,PERC_ASS,7.62,Percentuale (su aventi diritto),1
NAZIONALI,1992,FEDERAZIONE DEI VERDI,8,PERC_VAL,4.39,Percentuale (su voti validi),0
NAZIONALI,1992,FEDERAZIONE DEI VERDI,8,PERC_ASS,3.91,Percentuale (su aventi diritto),0
NAZIONALI,1992,FEDERAZIONE DEI VERDI,8,VOTI_OTTENUTI,149.0,Voti ottenuti,0
NAZIONALI,1992,RIFONDAZIONE COMUNISTA,9,PERC_ASS,3.84,Percentuale (su aventi diritto),0
NAZIONALI,1992,RIFONDAZIONE COMUNISTA,9,PERC_VAL,4.3,Percentuale (su voti validi),0
NAZIONALI,1992,RIFONDAZIONE COMUNISTA,9,VOTI_OTTENUTI,146.0,Voti ottenuti,0
NAZIONALI,1992,LEGA ALPINA LUMBARDA,10,PERC_ASS,2.63,Percentuale (su aventi diritto),0
NAZIONALI,1992,LEGA ALPINA LUMBARDA,10,PERC_VAL,2.95,Percentuale (su voti validi),0
NAZIONALI,1992,LEGA ALPINA LUMBARDA,10,VOTI_OTTENUTI,100.0,Voti ottenuti,0
NAZIONALI,1992,NULLE,11,PERC_VAL,,Percentuale (su voti validi),1
NAZIONALI,1992,NULLE,11,VOTI_OTTENUTI,64.0,Voti ottenuti,1
NAZIONALI,1992,NULLE,11,PERC_ASS,1.68,Percentuale (su aventi diritto),1
NAZIONALI,1992,BIANCHE,12,VOTI_OTTENUTI,59.0,Voti ottenuti,1
NAZIONALI,1992,BIANCHE,12,PERC_ASS,1.55,Percentuale (su aventi diritto),1
NAZIONALI,1992,BIANCHE,12,PERC_VAL,,Percentuale (su voti validi),1
NAZIONALI,1992,MSI-DN,13,VOTI_OTTENUTI,58.0,Voti ottenuti,0
NAZIONALI,1992,MSI-DN,13,PERC_ASS,1.52,Percentuale (su aventi diritto),0
NAZIONALI,1992,MSI-DN,13,PERC_VAL,1.71,Percentuale (su voti validi),0
NAZIONALI,1992,PRI,14,PERC_ASS,1.52,Percentuale (su aventi diritto),0
NAZIONALI,1992,PRI,14,PERC_VAL,1.71,Percentuale (su voti validi),0
NAZIONALI,1992,PRI,14,VOTI_OTTENUTI,58.0,Voti ottenuti,0
NAZIONALI,1992,PLI,15,PERC_VAL,1.68,Percentuale (su voti validi),0
NAZIONALI,1992,PLI,15,VOTI_OTTENUTI,57.0,Voti ottenuti,0
NAZIONALI,1992,PLI,15,PERC_ASS,1.5,Percentuale (su aventi diritto),0
NAZIONALI,1992,PARTITO PENSIONATI,16,PERC_VAL,1.33,Percentuale (su voti validi),0
NAZIONALI,1992,PARTITO PENSIONATI,16,VOTI_OTTENUTI,45.0,Voti ottenuti,0
NAZIONALI,1992,PARTITO PENSIONATI,16,PERC_ASS,1.18,Percentuale (su aventi diritto),0
NAZIONALI,1992,ALLEANZA LOMBARDA AUTONOMIA,17,PERC_VAL,1.03,Percentuale (su voti validi),0
NAZIONALI,1992,ALLEANZA LOMBARDA AUTONOMIA,17,VOTI_OTTENUTI,35.0,Voti ottenuti,0
NAZIONALI,1992,ALLEANZA LOMBARDA AUTONOMIA,17,PERC_ASS,0.92,Percentuale (su aventi diritto),0
NAZIONALI,1992,PSDI,18,VOTI_OTTENUTI,34.0,Voti ottenuti,0
NAZIONALI,1992,PSDI,18,PERC_ASS,0.89,Percentuale (su aventi diritto),0
NAZIONALI,1992,PSDI,18,PERC_VAL,1.0,Percentuale (su voti validi),0
NAZIONALI,1992,LISTA PANNELLA,19,PERC_ASS,0.84,Percentuale (su aventi diritto),0
NAZIONALI,1992,LISTA PANNELLA,19,PERC_VAL,0.94,Percentuale (su voti validi),0
NAZIONALI,1992,LISTA PANNELLA,19,VOTI_OTTENUTI,32.0,Voti ottenuti,0
NAZIONALI,1992,LA LEGA CAS-PENS.,20,PERC_ASS,0.79,Percentuale (su aventi diritto),0
NAZIONALI,1992,LA LEGA CAS-PENS.,20,PERC_VAL,0.88,Percentuale (su voti validi),0
NAZIONALI,1992,LA LEGA CAS-PENS.,20,VOTI_OTTENUTI,30.0,Voti ottenuti,0
NAZIONALI,1992,LA RETE-MOV.DEM.,21,PERC_ASS,0.79,Percentuale (su aventi diritto),0
NAZIONALI,1992,LA RETE-MOV.DEM.,21,VOTI_OTTENUTI,30.0,Voti ottenuti,0
NAZIONALI,1992,LA RETE-MOV.DEM.,21,PERC_VAL,0.88,Percentuale (su voti validi),0
NAZIONALI,1992,LISTA REFERENDUM,22,VOTI_OTTENUTI,16.0,Voti ottenuti,0
NAZIONALI,1992,LISTA REFERENDUM,22,PERC_ASS,0.42,Percentuale (su aventi diritto),0
NAZIONALI,1992,LISTA REFERENDUM,22,PERC_VAL,0.47,Percentuale (su voti validi),0
NAZIONALI,1992,CPA,23,VOTI_OTTENUTI,6.0,Voti ottenuti,0
NAZIONALI,1992,CPA,23,PERC_ASS,0.16,Percentuale (su aventi diritto),0
NAZIONALI,1992,CPA,23,PERC_VAL,0.18,Percentuale (su voti validi),0
NAZIONALI,1992,MOV.POL.DIF.AUTOMOB.,24,PERC_ASS,0.05,Percentuale (su aventi diritto),0
NAZIONALI,1992,MOV.POL.DIF.AUTOMOB.,24,PERC_VAL,0.06,Percentuale (su voti validi),0
NAZIONALI,1992,MOV.POL.DIF.AUTOMOB.,24,VOTI_OTTENUTI,2.0,Voti ottenuti,0
NAZIONALI,1992,FEDERALISMO-PENS.UV.,25,VOTI_OTTENUTI,1.0,Voti ottenuti,0
NAZIONALI,1992,FEDERALISMO-PENS.UV.,25,PERC_ASS,0.03,Percentuale (su aventi diritto),0
NAZIONALI,1992,FEDERALISMO-PENS.UV.,25,PERC_VAL,0.03,Percentuale (su voti validi),0
NAZIONALI,1992,LEGA MERID.D'IT.,26,PERC_ASS,0.03,Percentuale (su aventi diritto),0
NAZIONALI,1992,LEGA MERID.D'IT.,26,PERC_VAL,0.03,Percentuale (su voti validi),0
NAZIONALI,1992,LEGA MERID.D'IT.,26,VOTI_OTTENUTI,1.0,Voti ottenuti,0
NAZIONALI,1992,PART.EUROPA 2000,27,PERC_VAL,0.0,Percentuale (su voti validi),0
NAZIONALI,1992,PART.EUROPA 2000,27,VOTI_OTTENUTI,0.0,Voti ottenuti,0
NAZIONALI,1992,PART.EUROPA 2000,27,PERC_ASS,0.0,Percentuale (su aventi diritto),0
NAZIONALI,1994,ELETTORI,1,VOTI_OTTENUTI,3851.0,Voti ottenuti,1
NAZIONALI,1994,ELETTORI,1,PERC_VAL,,Percentuale (su voti validi),1
NAZIONALI,1994,ELETTORI,1,PERC_ASS,100.0,Percentuale (su aventi diritto),1
NAZIONALI,1994,VOTANTI,2,VOTI_OTTENUTI,3572.0,Voti ottenuti,1
NAZIONALI,1994,VOTANTI,2,PERC_VAL,,Percentuale (su voti validi),1
NAZIONALI,1994,VOTANTI,2,PERC_ASS,92.76,Percentuale (su aventi diritto),1
NAZIONALI,1994,LEGA NORD,3,VOTI_OTTENUTI,1208.0,Voti ottenuti,0
NAZIONALI,1994,LEGA NORD,3,PERC_VAL,35.0,Percentuale (su voti validi),0
NAZIONALI,1994,LEGA NORD,3,PERC_ASS,31.37,Percentuale (su aventi diritto),0
NAZIONALI,1994,FORZA ITALIA,4,VOTI_OTTENUTI,794.0,Voti ottenuti,0
NAZIONALI,1994,FORZA ITALIA,4,PERC_VAL,23.01,Percentuale (su voti validi),0
NAZIONALI,1994,FORZA ITALIA,4,PERC_ASS,20.62,Percentuale (su aventi diritto),0
NAZIONALI,1994,PDS,5,VOTI_OTTENUTI,338.0,Voti ottenuti,0
NAZIONALI,1994,PDS,5,PERC_VAL,9.79,Percentuale (su voti validi),0
NAZIONALI,1994,PDS,5,PERC_ASS,8.78,Percentuale (su aventi diritto),0
NAZIONALI,1994,P.POPOLARE ITALIANO,6,PERC_VAL,8.52,Percentuale (su voti validi),0
NAZIONALI,1994,P.POPOLARE ITALIANO,6,PERC_ASS,7.63,Percentuale (su aventi diritto),0
NAZIONALI,1994,P.POPOLARE ITALIANO,6,VOTI_OTTENUTI,294.0,Voti ottenuti,0
NAZIONALI,1994,ASTENUTI,7,PERC_ASS,7.24,Percentuale (su aventi diritto),1
NAZIONALI,1994,ASTENUTI,7,VOTI_OTTENUTI,279.0,Voti ottenuti,1
NAZIONALI,1994,ASTENUTI,7,PERC_VAL,,Percentuale (su voti validi),1
NAZIONALI,1994,PATTO SEGNI,8,PERC_ASS,3.64,Percentuale (su aventi diritto),0
NAZIONALI,1994,PATTO SEGNI,8,VOTI_OTTENUTI,140.0,Voti ottenuti,0
NAZIONALI,1994,PATTO SEGNI,8,PERC_VAL,4.06,Percentuale (su voti validi),0
NAZIONALI,1994,RIFONDAZIONE COMUNISTA,9,PERC_ASS,3.3,Percentuale (su aventi diritto),0
NAZIONALI,1994,RIFONDAZIONE COMUNISTA,9,VOTI_OTTENUTI,127.0,Voti ottenuti,0
NAZIONALI,1994,RIFONDAZIONE COMUNISTA,9,PERC_VAL,3.68,Percentuale (su voti validi),0
NAZIONALI,1994,LEGA ALPINA LUMBARDA,10,PERC_ASS,2.86,Percentuale (su aventi diritto),0
NAZIONALI,1994,LEGA ALPINA LUMBARDA,10,PERC_VAL,3.19,Percentuale (su voti validi),0
NAZIONALI,1994,LEGA ALPINA LUMBARDA,10,VOTI_OTTENUTI,110.0,Voti ottenuti,0
NAZIONALI,1994,LISTA PANNELLA,11,PERC_VAL,2.9,Percentuale (su voti validi),0
NAZIONALI,1994,LISTA PANNELLA,11,PERC_ASS,2.6,Percentuale (su aventi diritto),0
NAZIONALI,1994,LISTA PANNELLA,11,VOTI_OTTENUTI,100.0,Voti ottenuti,0
NAZIONALI,1994,ALLEANZA NAZIONALE,12,PERC_VAL,2.9,Percentuale (su voti validi),0
NAZIONALI,1994,ALLEANZA NAZIONALE,12,PERC_ASS,2.6,Percentuale (su aventi diritto),0
NAZIONALI,1994,ALLEANZA NAZIONALE,12,VOTI_OTTENUTI,100.0,Voti ottenuti,0
NAZIONALI,1994,FEDERAZIONE DEI VERDI,13,PERC_VAL,2.43,Percentuale (su voti validi),0
NAZIONALI,1994,FEDERAZIONE DEI VERDI,13,PERC_ASS,2.18,Percentuale (su aventi diritto),0
NAZIONALI,1994,FEDERAZIONE DEI VERDI,13,VOTI_OTTENUTI,84.0,Voti ottenuti,0
NAZIONALI,1994,BIANCHE,14,PERC_VAL,,Percentuale (su voti validi),1
NAZIONALI,1994,BIANCHE,14,PERC_ASS,1.74,Percentuale (su aventi diritto),1
NAZIONALI,1994,BIANCHE,14,VOTI_OTTENUTI,67.0,Voti ottenuti,1
NAZIONALI,1994,PSI,15,PERC_ASS,1.56,Percentuale (su aventi diritto),0
NAZIONALI,1994,PSI,15,VOTI_OTTENUTI,60.0,Voti ottenuti,0
NAZIONALI,1994,PSI,15,PERC_VAL,1.74,Percentuale (su voti validi),0
NAZIONALI,1994,NULLE,16,VOTI_OTTENUTI,54.0,Voti ottenuti,1
NAZIONALI,1994,NULLE,16,PERC_VAL,,Percentuale (su voti validi),1
NAZIONALI,1994,NULLE,16,PERC_ASS,1.4,Percentuale (su aventi diritto),1
NAZIONALI,1994,LG.ANGELA BOSSI,17,VOTI_OTTENUTI,41.0,Voti ottenuti,0
NAZIONALI,1994,LG.ANGELA BOSSI,17,PERC_VAL,1.19,Percentuale (su voti validi),0
NAZIONALI,1994,LG.ANGELA BOSSI,17,PERC_ASS,1.06,Percentuale (su aventi diritto),0
NAZIONALI,1994,ALLEANZA DEMOCRATICA,18,VOTI_OTTENUTI,32.0,Voti ottenuti,0
NAZIONALI,1994,ALLEANZA DEMOCRATICA,18,PERC_VAL,0.93,Percentuale (su voti validi),0
NAZIONALI,1994,ALLEANZA DEMOCRATICA,18,PERC_ASS,0.83,Percentuale (su aventi diritto),0
NAZIONALI,1994,LA RETE-MOV.DEM.,19,VOTI_OTTENUTI,23.0,Voti ottenuti,0
NAZIONALI,1994,LA RETE-MOV.DEM.,19,PERC_VAL,0.67,Percentuale (su voti validi),0
NAZIONALI,1994,LA RETE-MOV.DEM.,19,PERC_ASS,0.6,Percentuale (su aventi diritto),0
NAZIONALI,1996,ELETTORI,1,VOTI_OTTENUTI,3897.0,Voti ottenuti,1
NAZIONALI,1996,ELETTORI,1,PERC_VAL,,Percentuale (su voti validi),1
NAZIONALI,1996,ELETTORI,1,PERC_ASS,100.0,Percentuale (su aventi diritto),1
NAZIONALI,1996,VOTANTI,2,VOTI_OTTENUTI,3525.0,Voti ottenuti,1
NAZIONALI,1996,VOTANTI,2,PERC_VAL,,Percentuale (su voti validi),1
NAZIONALI,1996,VOTANTI,2,PERC_ASS,90.45,Percentuale (su aventi diritto),1
NAZIONALI,1996,LEGA NORD,3,VOTI_OTTENUTI,1270.0,Voti ottenuti,0
NAZIONALI,1996,LEGA NORD,3,PERC_VAL,37.78,Percentuale (su voti validi),0
NAZIONALI,1996,LEGA NORD,3,PERC_ASS,32.59,Percentuale (su aventi diritto),0
NAZIONALI,1996,FORZA ITALIA,4,VOTI_OTTENUTI,797.0,Voti ottenuti,0
NAZIONALI,1996,FORZA ITALIA,4,PERC_VAL,23.71,Percentuale (su voti validi),0
NAZIONALI,1996,FORZA ITALIA,4,PERC_ASS,20.45,Percentuale (su aventi diritto),0
NAZIONALI,1996,ASTENUTI,5,PERC_VAL,,Percentuale (su voti validi),1
NAZIONALI,1996,ASTENUTI,5,PERC_ASS,9.55,Percentuale (su aventi diritto),1
NAZIONALI,1996,ASTENUTI,5,VOTI_OTTENUTI,372.0,Voti ottenuti,1
NAZIONALI,1996,PDS,6,PERC_ASS,9.55,Percentuale (su aventi diritto),0
NAZIONALI,1996,PDS,6,VOTI_OTTENUTI,372.0,Voti ottenuti,0
NAZIONALI,1996,PDS,6,PERC_VAL,11.06,Percentuale (su voti validi),0
NAZIONALI,1996,POP-SVP-PRI-UD-PRODI,7,PERC_ASS,5.62,Percentuale (su aventi diritto),0
NAZIONALI,1996,POP-SVP-PRI-UD-PRODI,7,VOTI_OTTENUTI,219.0,Voti ottenuti,0
NAZIONALI,1996,POP-SVP-PRI-UD-PRODI,7,PERC_VAL,6.51,Percentuale (su voti validi),0
NAZIONALI,1996,ALLEANZA NAZIONALE,8,PERC_ASS,4.49,Percentuale (su aventi diritto),0
NAZIONALI,1996,ALLEANZA NAZIONALE,8,VOTI_OTTENUTI,175.0,Voti ottenuti,0
NAZIONALI,1996,ALLEANZA NAZIONALE,8,PERC_VAL,5.21,Percentuale (su voti validi),0
NAZIONALI,1996,RIFONDAZIONE COMUNISTA,9,PERC_ASS,3.95,Percentuale (su aventi diritto),0
NAZIONALI,1996,RIFONDAZIONE COMUNISTA,9,PERC_VAL,4.58,Percentuale (su voti validi),0
NAZIONALI,1996,RIFONDAZIONE COMUNISTA,9,VOTI_OTTENUTI,154.0,Voti ottenuti,0
NAZIONALI,1996,RINNOVAMENTO IT-DINI,10,PERC_VAL,3.96,Percentuale (su voti validi),0
NAZIONALI,1996,RINNOVAMENTO IT-DINI,10,PERC_ASS,3.41,Percentuale (su aventi diritto),0
NAZIONALI,1996,RINNOVAMENTO IT-DINI,10,VOTI_OTTENUTI,133.0,Voti ottenuti,0
NAZIONALI,1996,NULLE,11,PERC_VAL,,Percentuale (su voti validi),1
NAZIONALI,1996,NULLE,11,PERC_ASS,2.8,Percentuale (su aventi diritto),1
NAZIONALI,1996,NULLE,11,VOTI_OTTENUTI,109.0,Voti ottenuti,1
NAZIONALI,1996,CCD-CDU,12,PERC_VAL,3.18,Percentuale (su voti validi),0
NAZIONALI,1996,CCD-CDU,12,PERC_ASS,2.75,Percentuale (su aventi diritto),0
NAZIONALI,1996,CCD-CDU,12,VOTI_OTTENUTI,107.0,Voti ottenuti,0
NAZIONALI,1996,PANNELLA-SGARBI,13,PERC_ASS,1.51,Percentuale (su aventi diritto),0
NAZIONALI,1996,PANNELLA-SGARBI,13,VOTI_OTTENUTI,59.0,Voti ottenuti,0
NAZIONALI,1996,PANNELLA-SGARBI,13,PERC_VAL,1.75,Percentuale (su voti validi),0
NAZIONALI,1996,FEDERAZIONE DEI VERDI,14,PERC_VAL,1.75,Percentuale (su voti validi),0
NAZIONALI,1996,FEDERAZIONE DEI VERDI,14,PERC_ASS,1.51,Percentuale (su aventi diritto),0
NAZIONALI,1996,FEDERAZIONE DEI VERDI,14,VOTI_OTTENUTI,59.0,Voti ottenuti,0
NAZIONALI,1996,BIANCHE,15,VOTI_OTTENUTI,54.0,Voti ottenuti,1
NAZIONALI,1996,BIANCHE,15,PERC_VAL,,Percentuale (su voti validi),1
NAZIONALI,1996,BIANCHE,15,PERC_ASS,1.39,Percentuale (su aventi diritto),1
NAZIONALI,1996,MOV.SOC.TRICOLORE,16,PERC_ASS,0.36,Percentuale (su aventi diritto),0
NAZIONALI,1996,MOV.SOC.TRICOLORE,16,VOTI_OTTENUTI,14.0,Voti ottenuti,0
NAZIONALI,1996,MOV.SOC.TRICOLORE,16,PERC_VAL,0.42,Percentuale (su voti validi),0
NAZIONALI,1996,PART.UMANISTA,17,VOTI_OTTENUTI,3.0,Voti ottenuti,0
NAZIONALI,1996,PART.UMANISTA,17,PERC_VAL,0.09,Percentuale (su voti validi),0
NAZIONALI,1996,PART.UMANISTA,17,PERC_ASS,0.08,Percentuale (su aventi diritto),0
NAZIONALI,2001,ELETTORI,1,VOTI_OTTENUTI,4070.0,Voti ottenuti,1
NAZIONALI,2001,ELETTORI,1,PERC_VAL,,Percentuale (su voti validi),1
NAZIONALI,2001,ELETTORI,1,PERC_ASS,100.0,Percentuale (su aventi diritto),1
NAZIONALI,2001,VOTANTI,2,VOTI_OTTENUTI,3567.0,Voti ottenuti,1
NAZIONALI,2001,VOTANTI,2,PERC_VAL,,Percentuale (su voti validi),1
NAZIONALI,2001,VOTANTI,2,PERC_ASS,87.64,Percentuale (su aventi diritto),1
NAZIONALI,2001,FORZA ITALIA,3,VOTI_OTTENUTI,1120.0,Voti ottenuti,0
NAZIONALI,2001,FORZA ITALIA,3,PERC_VAL,33.37,Percentuale (su voti validi),0
NAZIONALI,2001,FORZA ITALIA,3,PERC_ASS,27.52,Percentuale (su aventi diritto),0
NAZIONALI,2001,LEGA NORD,4,VOTI_OTTENUTI,645.0,Voti ottenuti,0
NAZIONALI,2001,LEGA NORD,4,PERC_VAL,19.22,Percentuale (su voti validi),0
NAZIONALI,2001,LEGA NORD,4,PERC_ASS,15.85,Percentuale (su aventi diritto),0
NAZIONALI,2001,LA MARGHERITA,5,VOTI_OTTENUTI,536.0,Voti ottenuti,0
NAZIONALI,2001,LA MARGHERITA,5,PERC_VAL,15.97,Percentuale (su voti validi),0
NAZIONALI,2001,LA MARGHERITA,5,PERC_ASS,13.17,Percentuale (su aventi diritto),0
NAZIONALI,2001,ASTENUTI,6,PERC_VAL,,Percentuale (su voti validi),1
NAZIONALI,2001,ASTENUTI,6,PERC_ASS,12.36,Percentuale (su aventi diritto),1
NAZIONALI,2001,ASTENUTI,6,VOTI_OTTENUTI,503.0,Voti ottenuti,1
NAZIONALI,2001,DEMOCRATICI SINISTRA,7,PERC_ASS,6.46,Percentuale (su aventi diritto),0
NAZIONALI,2001,DEMOCRATICI SINISTRA,7,VOTI_OTTENUTI,263.0,Voti ottenuti,0
NAZIONALI,2001,DEMOCRATICI SINISTRA,7,PERC_VAL,7.84,Percentuale (su voti validi),0
NAZIONALI,2001,ALLEANZA NAZIONALE,8,PERC_ASS,4.84,Percentuale (su aventi diritto),0
NAZIONALI,2001,ALLEANZA NAZIONALE,8,VOTI_OTTENUTI,197.0,Voti ottenuti,0
NAZIONALI,2001,ALLEANZA NAZIONALE,8,PERC_VAL,5.87,Percentuale (su voti validi),0
NAZIONALI,2001,RIFONDAZIONE COMUNISTA,9,PERC_ASS,3.66,Percentuale (su aventi diritto),0
NAZIONALI,2001,RIFONDAZIONE COMUNISTA,9,VOTI_OTTENUTI,149.0,Voti ottenuti,0
NAZIONALI,2001,RIFONDAZIONE COMUNISTA,9,PERC_VAL,4.44,Percentuale (su voti validi),0
NAZIONALI,2001,LISTA DI PIETRO,10,PERC_ASS,3.61,Percentuale (su aventi diritto),0
NAZIONALI,2001,LISTA DI PIETRO,10,PERC_VAL,4.38,Percentuale (su voti validi),0
NAZIONALI,2001,LISTA DI PIETRO,10,VOTI_OTTENUTI,147.0,Voti ottenuti,0
NAZIONALI,2001,NULLE,11,PERC_VAL,,Percentuale (su voti validi),1
NAZIONALI,2001,NULLE,11,PERC_ASS,2.6,Percentuale (su aventi diritto),1
NAZIONALI,2001,NULLE,11,VOTI_OTTENUTI,106.0,Voti ottenuti,1
NAZIONALI,2001,BIANCHE,12,PERC_VAL,,Percentuale (su voti validi),1
NAZIONALI,2001,BIANCHE,12,PERC_ASS,2.58,Percentuale (su aventi diritto),1
NAZIONALI,2001,BIANCHE,12,VOTI_OTTENUTI,105.0,Voti ottenuti,1
NAZIONALI,2001,PANNELLA-BONINO,13,PERC_VAL,1.94,Percentuale (su voti validi),0
NAZIONALI,2001,PANNELLA-BONINO,13,PERC_ASS,1.6,Percentuale (su aventi diritto),0
NAZIONALI,2001,PANNELLA-BONINO,13,VOTI_OTTENUTI,65.0,Voti ottenuti,0
NAZIONALI,2001,PARTITO PENSIONATI,14,PERC_VAL,1.64,Percentuale (su voti validi),0
NAZIONALI,2001,PARTITO PENSIONATI,14,PERC_ASS,1.35,Percentuale (su aventi diritto),0
NAZIONALI,2001,PARTITO PENSIONATI,14,VOTI_OTTENUTI,55.0,Voti ottenuti,0
NAZIONALI,2001,COMUNISTI ITALIANI,15,PERC_ASS,1.3,Percentuale (su aventi diritto),0
NAZIONALI,2001,COMUNISTI ITALIANI,15,VOTI_OTTENUTI,53.0,Voti ottenuti,0
NAZIONALI,2001,COMUNISTI ITALIANI,15,PERC_VAL,1.58,Percentuale (su voti validi),0
NAZIONALI,2001,CCD-CDU,16,VOTI_OTTENUTI,50.0,Voti ottenuti,0
NAZIONALI,2001,CCD-CDU,16,PERC_VAL,1.49,Percentuale (su voti validi),0
NAZIONALI,2001,CCD-CDU,16,PERC_ASS,1.23,Percentuale (su aventi diritto),0
NAZIONALI,2001,IL GIRASOLE,17,VOTI_OTTENUTI,40.0,Voti ottenuti,0
NAZIONALI,2001,IL GIRASOLE,17,PERC_VAL,1.19,Percentuale (su voti validi),0
NAZIONALI,2001,IL GIRASOLE,17,PERC_ASS,0.98,Percentuale (su aventi diritto),0
NAZIONALI,2001,DEMOCRAZIA EUROPEA,18,VOTI_OTTENUTI,34.0,Voti ottenuti,0
NAZIONALI,2001,DEMOCRAZIA EUROPEA,18,PERC_VAL,1.01,Percentuale (su voti validi),0
NAZIONALI,2001,DEMOCRAZIA EUROPEA,18,PERC_ASS,0.84,Percentuale (su aventi diritto),0
NAZIONALI,2001,ABOLIZIONE SCORPORO,19,VOTI_OTTENUTI,2.0,Voti ottenuti,0
NAZIONALI,2001,ABOLIZIONE SCORPORO,19,PERC_VAL,0.06,Percentuale (su voti validi),0
NAZIONALI,2001,ABOLIZIONE SCORPORO,19,PERC_ASS,0.05,Percentuale (su aventi diritto),0
NAZIONALI,2006,ELETTORI,1,VOTI_OTTENUTI,4164.0,Voti ottenuti,1
NAZIONALI,2006,ELETTORI,1,PERC_ASS,100.0,Percentuale (su aventi diritto),1
NAZIONALI,2006,ELETTORI,1,PERC_VAL,,Percentuale (su voti validi),1
NAZIONALI,2006,VOTANTI,2,VOTI_OTTENUTI,3694.0,Voti ottenuti,1
NAZIONALI,2006,VOTANTI,2,PERC_ASS,88.71,Percentuale (su aventi diritto),1
NAZIONALI,2006,VOTANTI,2,PERC_VAL,,Percentuale (su voti validi),1
NAZIONALI,2006,FORZA ITALIA,3,VOTI_OTTENUTI,1054.0,Voti ottenuti,0
NAZIONALI,2006,FORZA ITALIA,3,PERC_ASS,25.31,Percentuale (su aventi diritto),0
NAZIONALI,2006,FORZA ITALIA,3,PERC_VAL,29.39,Percentuale (su voti validi),0
NAZIONALI,2006,L'ULIVO,4,PERC_ASS,18.44,Percentuale (su aventi diritto),0
NAZIONALI,2006,L'ULIVO,4,PERC_VAL,21.42,Percentuale (su voti validi),0
NAZIONALI,2006,L'ULIVO,4,VOTI_OTTENUTI,768.0,Voti ottenuti,0
NAZIONALI,2006,LEGA NORD,5,PERC_VAL,18.66,Percentuale (su voti validi),0
NAZIONALI,2006,LEGA NORD,5,VOTI_OTTENUTI,669.0,Voti ottenuti,0
NAZIONALI,2006,LEGA NORD,5,PERC_ASS,16.07,Percentuale (su aventi diritto),0
NAZIONALI,2006,ASTENUTI,6,PERC_VAL,,Percentuale (su voti validi),1
NAZIONALI,2006,ASTENUTI,6,VOTI_OTTENUTI,470.0,Voti ottenuti,1
NAZIONALI,2006,ASTENUTI,6,PERC_ASS,11.29,Percentuale (su aventi diritto),1
NAZIONALI,2006,ALLEANZA NAZIONALE,7,PERC_VAL,8.64,Percentuale (su voti validi),0
NAZIONALI,2006,ALLEANZA NAZIONALE,7,PERC_ASS,7.44,Percentuale (su aventi diritto),0
NAZIONALI,2006,ALLEANZA NAZIONALE,7,VOTI_OTTENUTI,310.0,Voti ottenuti,0
NAZIONALI,2006,UNIONE DI CENTRO,8,PERC_ASS,5.38,Percentuale (su aventi diritto),0
NAZIONALI,2006,UNIONE DI CENTRO,8,PERC_VAL,6.25,Percentuale (su voti validi),0
NAZIONALI,2006,UNIONE DI CENTRO,8,VOTI_OTTENUTI,224.0,Voti ottenuti,0
NAZIONALI,2006,RIFONDAZIONE COMUNISTA,9,PERC_ASS,4.25,Percentuale (su aventi diritto),0
NAZIONALI,2006,RIFONDAZIONE COMUNISTA,9,PERC_VAL,4.94,Percentuale (su voti validi),0
NAZIONALI,2006,RIFONDAZIONE COMUNISTA,9,VOTI_OTTENUTI,177.0,Voti ottenuti,0
NAZIONALI,2006,DI PIETRO ITALIA DEI VALORI,10,PERC_VAL,2.12,Percentuale (su voti validi),0
NAZIONALI,2006,DI PIETRO ITALIA DEI VALORI,10,VOTI_OTTENUTI,76.0,Voti ottenuti,0
NAZIONALI,2006,DI PIETRO ITALIA DEI VALORI,10,PERC_ASS,1.83,Percentuale (su aventi diritto),0
NAZIONALI,2006,COMUNISTI ITALIANI,11,VOTI_OTTENUTI,70.0,Voti ottenuti,0
NAZIONALI,2006,COMUNISTI ITALIANI,11,PERC_ASS,1.68,Percentuale (su aventi diritto),0
NAZIONALI,2006,COMUNISTI ITALIANI,11,PERC_VAL,1.95,Percentuale (su voti validi),0
NAZIONALI,2006,NULLE,12,VOTI_OTTENUTI,68.0,Voti ottenuti,1
NAZIONALI,2006,NULLE,12,PERC_ASS,1.63,Percentuale (su aventi diritto),1
NAZIONALI,2006,NULLE,12,PERC_VAL,,Percentuale (su voti validi),1
NAZIONALI,2006,PARTITO PENSIONATI,13,PERC_ASS,1.56,Percentuale (su aventi diritto),0
NAZIONALI,2006,PARTITO PENSIONATI,13,PERC_VAL,1.81,Percentuale (su voti validi),0
NAZIONALI,2006,PARTITO PENSIONATI,13,VOTI_OTTENUTI,65.0,Voti ottenuti,0
NAZIONALI,2006,FEDERAZIONE DEI VERDI,14,PERC_VAL,1.59,Percentuale (su voti validi),0
NAZIONALI,2006,FEDERAZIONE DEI VERDI,14,VOTI_OTTENUTI,57.0,Voti ottenuti,0
NAZIONALI,2006,FEDERAZIONE DEI VERDI,14,PERC_ASS,1.37,Percentuale (su aventi diritto),0
NAZIONALI,2006,LA ROSA NEL PUGNO,15,PERC_VAL,1.39,Percentuale (su voti validi),0
NAZIONALI,2006,LA ROSA NEL PUGNO,15,VOTI_OTTENUTI,50.0,Voti ottenuti,0
NAZIONALI,2006,LA ROSA NEL PUGNO,15,PERC_ASS,1.2,Percentuale (su aventi diritto),0
NAZIONALI,2006,BIANCHE,16,VOTI_OTTENUTI,40.0,Voti ottenuti,1
NAZIONALI,2006,BIANCHE,16,PERC_ASS,0.96,Percentuale (su aventi diritto),1
NAZIONALI,2006,BIANCHE,16,PERC_VAL,,Percentuale (su voti validi),1
NAZIONALI,2006,DEM.CRIST.-NUOVO PSI,17,PERC_ASS,0.48,Percentuale (su aventi diritto),0
NAZIONALI,2006,DEM.CRIST.-NUOVO PSI,17,PERC_VAL,0.56,Percentuale (su voti validi),0
NAZIONALI,2006,DEM.CRIST.-NUOVO PSI,17,VOTI_OTTENUTI,20.0,Voti ottenuti,0
NAZIONALI,2006,ALTERNATIVA SOCIALE MUSSOLINI,18,PERC_ASS,0.43,Percentuale (su aventi diritto),0
NAZIONALI,2006,ALTERNATIVA SOCIALE MUSSOLINI,18,PERC_VAL,0.5,Percentuale (su voti validi),0
NAZIONALI,2006,ALTERNATIVA SOCIALE MUSSOLINI,18,VOTI_OTTENUTI,18.0,Voti ottenuti,0
NAZIONALI,2006,FIAMMA TRICOLORE,19,PERC_ASS,0.26,Percentuale (su aventi diritto),0
NAZIONALI,2006,FIAMMA TRICOLORE,19,VOTI_OTTENUTI,11.0,Voti ottenuti,0
NAZIONALI,2006,FIAMMA TRICOLORE,19,PERC_VAL,0.31,Percentuale (su voti validi),0
NAZIONALI,2006,U.D.EUR POPOLARI,20,PERC_ASS,0.26,Percentuale (su aventi diritto),0
NAZIONALI,2006,U.D.EUR POPOLARI,20,VOTI_OTTENUTI,11.0,Voti ottenuti,0
NAZIONALI,2006,U.D.EUR POPOLARI,20,PERC_VAL,0.31,Percentuale (su voti validi),0
NAZIONALI,2006,NO EURO,21,VOTI_OTTENUTI,6.0,Voti ottenuti,0
NAZIONALI,2006,NO EURO,21,PERC_ASS,0.14,Percentuale (su aventi diritto),0
NAZIONALI,2006,NO EURO,21,PERC_VAL,0.17,Percentuale (su voti validi),0
NAZIONALI,2006,0,22,PERC_VAL,0.0,Percentuale (su voti validi),0
NAZIONALI,2006,0,22,VOTI_OTTENUTI,0.0,Voti ottenuti,0
NAZIONALI,2006,0,22,PERC_ASS,0.0,Percentuale (su aventi diritto),0
NAZIONALI,2006,BERLUSCONI SILVIO,23,VOTI_OTTENUTI,0.0,Voti ottenuti,0
NAZIONALI,2006,BERLUSCONI SILVIO,23,PERC_ASS,0.0,Percentuale (su aventi diritto),0
NAZIONALI,2006,BERLUSCONI SILVIO,23,PERC_VAL,0.0,Percentuale (su voti validi),0
NAZIONALI,2006,0,24,PERC_ASS,0.0,Percentuale (su aventi diritto),0
NAZIONALI,2006,0,24,VOTI_OTTENUTI,0.0,Voti ottenuti,0
NAZIONALI,2006,0,24,PERC_VAL,0.0,Percentuale (su voti validi),0
NAZIONALI,2006,PRODI ROMANO,25,PERC_VAL,0.0,Percentuale (su voti validi),0
NAZIONALI,2006,PRODI ROMANO,25,VOTI_OTTENUTI,0.0,Voti ottenuti,0
NAZIONALI,2006,PRODI ROMANO,25,PERC_ASS,0.0,Percentuale (su aventi diritto),0
NAZIONALI,2008,ELETTORI,1,VOTI_OTTENUTI,4197.0,Voti ottenuti,1
NAZIONALI,2008,ELETTORI,1,PERC_ASS,100.0,Percentuale (su aventi diritto),1
NAZIONALI,2008,ELETTORI,1,PERC_VAL,,Percentuale (su voti validi),1
NAZIONALI,2008,VOTANTI,2,VOTI_OTTENUTI,3604.0,Voti ottenuti,1
NAZIONALI,2008,VOTANTI,2,PERC_ASS,85.87,Percentuale (su aventi diritto),1
NAZIONALI,2008,VOTANTI,2,PERC_VAL,,Percentuale (su voti validi),1
NAZIONALI,2008,IL POPOLO DELLA LIBERTA',3,VOTI_OTTENUTI,1249.0,Voti ottenuti,0
NAZIONALI,2008,IL POPOLO DELLA LIBERTA',3,PERC_ASS,29.76,Percentuale (su aventi diritto),0
NAZIONALI,2008,IL POPOLO DELLA LIBERTA',3,PERC_VAL,35.33,Percentuale (su voti validi),0
NAZIONALI,2008,LEGA NORD,4,VOTI_OTTENUTI,1068.0,Voti ottenuti,0
NAZIONALI,2008,LEGA NORD,4,PERC_ASS,25.45,Percentuale (su aventi diritto),0
NAZIONALI,2008,LEGA NORD,4,PERC_VAL,30.21,Percentuale (su voti validi),0
NAZIONALI,2008,PARTITO DEMOCRATICO,5,PERC_ASS,16.8,Percentuale (su aventi diritto),0
NAZIONALI,2008,PARTITO DEMOCRATICO,5,PERC_VAL,19.94,Percentuale (su voti validi),0
NAZIONALI,2008,PARTITO DEMOCRATICO,5,VOTI_OTTENUTI,705.0,Voti ottenuti,0
NAZIONALI,2008,ASTENUTI,6,PERC_VAL,,Percentuale (su voti validi),1
NAZIONALI,2008,ASTENUTI,6,VOTI_OTTENUTI,593.0,Voti ottenuti,1
NAZIONALI,2008,ASTENUTI,6,PERC_ASS,14.13,Percentuale (su aventi diritto),1
NAZIONALI,2008,UNIONE DI CENTRO,7,PERC_VAL,4.1,Percentuale (su voti validi),0
NAZIONALI,2008,UNIONE DI CENTRO,7,VOTI_OTTENUTI,145.0,Voti ottenuti,0
NAZIONALI,2008,UNIONE DI CENTRO,7,PERC_ASS,3.45,Percentuale (su aventi diritto),0
NAZIONALI,2008,DI PIETRO ITALIA DEI VALORI,8,PERC_VAL,3.54,Percentuale (su voti validi),0
NAZIONALI,2008,DI PIETRO ITALIA DEI VALORI,8,VOTI_OTTENUTI,125.0,Voti ottenuti,0
NAZIONALI,2008,DI PIETRO ITALIA DEI VALORI,8,PERC_ASS,2.98,Percentuale (su aventi diritto),0
NAZIONALI,2008,LA SINISTRA L'ARCOBALENO,9,PERC_VAL,2.29,Percentuale (su voti validi),0
NAZIONALI,2008,LA SINISTRA L'ARCOBALENO,9,PERC_ASS,1.93,Percentuale (su aventi diritto),0
NAZIONALI,2008,LA SINISTRA L'ARCOBALENO,9,VOTI_OTTENUTI,81.0,Voti ottenuti,0
NAZIONALI,2008,LA DESTRA - FIAMMA TRICOLORE,10,PERC_ASS,1.31,Percentuale (su aventi diritto),0
NAZIONALI,2008,LA DESTRA - FIAMMA TRICOLORE,10,PERC_VAL,1.56,Percentuale (su voti validi),0
NAZIONALI,2008,LA DESTRA - FIAMMA TRICOLORE,10,VOTI_OTTENUTI,55.0,Voti ottenuti,0
NAZIONALI,2008,NULLE,11,PERC_ASS,1.24,Percentuale (su aventi diritto),1
NAZIONALI,2008,NULLE,11,PERC_VAL,,Percentuale (su voti validi),1
NAZIONALI,2008,NULLE,11,VOTI_OTTENUTI,52.0,Voti ottenuti,1
NAZIONALI,2008,"ASS.DIFESA DELLA VITA ABORTO?NO,GRAZIE",12,PERC_ASS,0.6,Percentuale (su aventi diritto),0
NAZIONALI,2008,"ASS.DIFESA DELLA VITA ABORTO?NO,GRAZIE",12,PERC_VAL,0.71,Percentuale (su voti validi),0
NAZIONALI,2008,"ASS.DIFESA DELLA VITA ABORTO?NO,GRAZIE",12,VOTI_OTTENUTI,25.0,Voti ottenuti,0
NAZIONALI,2008,SINISTRA CRITICA,13,PERC_VAL,0.59,Percentuale (su voti validi),0
NAZIONALI,2008,SINISTRA CRITICA,13,VOTI_OTTENUTI,21.0,Voti ottenuti,0
NAZIONALI,2008,SINISTRA CRITICA,13,PERC_ASS,0.5,Percentuale (su aventi diritto),0
NAZIONALI,2008,PARTITO COMUNISTA DEI LAVORATORI,14,VOTI_OTTENUTI,20.0,Voti ottenuti,0
NAZIONALI,2008,PARTITO COMUNISTA DEI LAVORATORI,14,PERC_ASS,0.48,Percentuale (su aventi diritto),0
NAZIONALI,2008,PARTITO COMUNISTA DEI LAVORATORI,14,PERC_VAL,0.57,Percentuale (su voti validi),0
NAZIONALI,2008,BIANCHE,15,VOTI_OTTENUTI,17.0,Voti ottenuti,1
NAZIONALI,2008,BIANCHE,15,PERC_ASS,0.41,Percentuale (su aventi diritto),1
NAZIONALI,2008,BIANCHE,15,PERC_VAL,,Percentuale (su voti validi),1
NAZIONALI,2008,LISTA DEI GRILLI PARLANTI,16,VOTI_OTTENUTI,15.0,Voti ottenuti,0
NAZIONALI,2008,LISTA DEI GRILLI PARLANTI,16,PERC_ASS,0.36,Percentuale (su aventi diritto),0
NAZIONALI,2008,LISTA DEI GRILLI PARLANTI,16,PERC_VAL,0.42,Percentuale (su voti validi),0
NAZIONALI,2008,UNIONE DEMOCRATICA PER I CONSUMATORI,17,PERC_ASS,0.26,Percentuale (su aventi diritto),0
NAZIONALI,2008,UNIONE DEMOCRATICA PER I CONSUMATORI,17,PERC_VAL,0.31,Percentuale (su voti validi),0
NAZIONALI,2008,UNIONE DEMOCRATICA PER I CONSUMATORI,17,VOTI_OTTENUTI,11.0,Voti ottenuti,0
NAZIONALI,2008,PARTITO SOCIALISTA,18,PERC_VAL,0.31,Percentuale (su voti validi),0
NAZIONALI,2008,PARTITO SOCIALISTA,18,VOTI_OTTENUTI,11.0,Voti ottenuti,0
NAZIONALI,2008,PARTITO SOCIALISTA,18,PERC_ASS,0.26,Percentuale (su aventi diritto),0
NAZIONALI,2008,PER IL BENE COMUNE,19,PERC_VAL,0.11,Percentuale (su voti validi),0
NAZIONALI,2008,PER IL BENE COMUNE,19,VOTI_OTTENUTI,4.0,Voti ottenuti,0
NAZIONALI,2008,PER IL BENE COMUNE,19,PERC_ASS,0.1,Percentuale (su aventi diritto),0
NAZIONALI,2008,MARCO FERRANDO,20,PERC_VAL,0.0,Percentuale (su voti validi),0
NAZIONALI,2008,MARCO FERRANDO,20,VOTI_OTTENUTI,0.0,Voti ottenuti,0
NAZIONALI,2008,MARCO FERRANDO,20,PERC_ASS,0.0,Percentuale (su aventi diritto),0
NAZIONALI,2008,BRUNO DE VITA,21,VOTI_OTTENUTI,0.0,Voti ottenuti,0
NAZIONALI,2008,BRUNO DE VITA,21,PERC_ASS,0.0,Percentuale (su aventi diritto),0
NAZIONALI,2008,BRUNO DE VITA,21,PERC_VAL,0.0,Percentuale (su voti validi),0
NAZIONALI,2008,RENZO RABELLINO,22,PERC_ASS,0.0,Percentuale (su aventi diritto),0
NAZIONALI,2008,RENZO RABELLINO,22,PERC_VAL,0.0,Percentuale (su voti validi),0
NAZIONALI,2008,RENZO RABELLINO,22,VOTI_OTTENUTI,0.0,Voti ottenuti,0
NAZIONALI,2008,WALTER VELTRONI,23,PERC_ASS,0.0,Percentuale (su aventi diritto),0
NAZIONALI,2008,WALTER VELTRONI,23,PERC_VAL,0.0,Percentuale (su voti validi),0
NAZIONALI,2008,WALTER VELTRONI,23,VOTI_OTTENUTI,0.0,Voti ottenuti,0
NAZIONALI,2008,STEFANO MONTANARI,24,PERC_ASS,0.0,Percentuale (su aventi diritto),0
NAZIONALI,2008,STEFANO MONTANARI,24,PERC_VAL,0.0,Percentuale (su voti validi),0
NAZIONALI,2008,STEFANO MONTANARI,24,VOTI_OTTENUTI,0.0,Voti ottenuti,0
NAZIONALI,2008,FLAVIA D'ANGELI,25,PERC_ASS,0.0,Percentuale (su aventi diritto),0
NAZIONALI,2008,FLAVIA D'ANGELI,25,VOTI_OTTENUTI,0.0,Voti ottenuti,0
NAZIONALI,2008,FLAVIA D'ANGELI,25,PERC_VAL,0.0,Percentuale (su voti validi),0
NAZIONALI,2008,ENRICO BOSELLI,26,PERC_VAL,0.0,Percentuale (su voti validi),0
NAZIONALI,2008,ENRICO BOSELLI,26,VOTI_OTTENUTI,0.0,Voti ottenuti,0
NAZIONALI,2008,ENRICO BOSELLI,26,PERC_ASS,0.0,Percentuale (su aventi diritto),0
NAZIONALI,2008,DANIELA GARNERO SANTANCHE',27,PERC_ASS,0.0,Percentuale (su aventi diritto),0
NAZIONALI,2008,DANIELA GARNERO SANTANCHE',27,VOTI_OTTENUTI,0.0,Voti ottenuti,0
NAZIONALI,2008,DANIELA GARNERO SANTANCHE',27,PERC_VAL,0.0,Percentuale (su voti validi),0
NAZIONALI,2008,PIER FERDINANDO CASINI,28,PERC_VAL,0.0,Percentuale (su voti validi),0
NAZIONALI,2008,PIER FERDINANDO CASINI,28,PERC_ASS,0.0,Percentuale (su aventi diritto),0
NAZIONALI,2008,PIER FERDINANDO CASINI,28,VOTI_OTTENUTI,0.0,Voti ottenuti,0
NAZIONALI,2008,FAUSTO BERTINOTTI,29,VOTI_OTTENUTI,0.0,Voti ottenuti,0
NAZIONALI,2008,FAUSTO BERTINOTTI,29,PERC_ASS,0.0,Percentuale (su aventi diritto),0
NAZIONALI,2008,FAUSTO BERTINOTTI,29,PERC_VAL,0.0,Percentuale (su voti validi),0
NAZIONALI,2008,0,30,PERC_ASS,0.0,Percentuale (su aventi diritto),0
NAZIONALI,2008,0,30,PERC_VAL,0.0,Percentuale (su voti validi),0
NAZIONALI,2008,0,30,VOTI_OTTENUTI,0.0,Voti ottenuti,0
NAZIONALI,2008,SILVIO BERLUSCONI,31,PERC_VAL,0.0,Percentuale (su voti validi),0
NAZIONALI,2008,SILVIO BERLUSCONI,31,PERC_ASS,0.0,Percentuale (su aventi diritto),0
NAZIONALI,2008,SILVIO BERLUSCONI,31,VOTI_OTTENUTI,0.0,Voti ottenuti,0
NAZIONALI,2008,0,32,PERC_ASS,0.0,Percentuale (su aventi diritto),0
NAZIONALI,2008,0,32,VOTI_OTTENUTI,0.0,Voti ottenuti,0
NAZIONALI,2008,0,32,PERC_VAL,0.0,Percentuale (su voti validi),0
NAZIONALI,2008,GIULIANO FERRARA,33,PERC_VAL,0.0,Percentuale (su voti validi),0
NAZIONALI,2008,GIULIANO FERRARA,33,VOTI_OTTENUTI,0.0,Voti ottenuti,0
NAZIONALI,2008,GIULIANO FERRARA,33,PERC_ASS,0.0,Percentuale (su aventi diritto),0
NAZIONALI,2013,ELETTORI,1,VOTI_OTTENUTI,4191.0,Voti ottenuti,1
NAZIONALI,2013,ELETTORI,1,PERC_ASS,100.0,Percentuale (su aventi diritto),1
NAZIONALI,2013,ELETTORI,1,PERC_VAL,,Percentuale (su voti validi),1
NAZIONALI,2013,VOTANTI,2,VOTI_OTTENUTI,3342.0,Voti ottenuti,1
NAZIONALI,2013,VOTANTI,2,PERC_ASS,79.74,Percentuale (su aventi diritto),1
NAZIONALI,2013,VOTANTI,2,PERC_VAL,,Percentuale (su voti validi),1
NAZIONALI,2013,ASTENUTI,3,VOTI_OTTENUTI,849.0,Voti ottenuti,1
NAZIONALI,2013,ASTENUTI,3,PERC_ASS,20.26,Percentuale (su aventi diritto),1
NAZIONALI,2013,ASTENUTI,3,PERC_VAL,,Percentuale (su voti validi),1
NAZIONALI,2013,IL POPOLO DELLA LIBERTA',4,VOTI_OTTENUTI,776.0,Voti ottenuti,0
NAZIONALI,2013,IL POPOLO DELLA LIBERTA',4,PERC_ASS,18.52,Percentuale (su aventi diritto),0
NAZIONALI,2013,IL POPOLO DELLA LIBERTA',4,PERC_VAL,24.31,Percentuale (su voti validi),0
NAZIONALI,2013,PARTITO DEMOCRATICO,5,VOTI_OTTENUTI,649.0,Voti ottenuti,0
NAZIONALI,2013,PARTITO DEMOCRATICO,5,PERC_ASS,15.49,Percentuale (su aventi diritto),0
NAZIONALI,2013,PARTITO DEMOCRATICO,5,PERC_VAL,20.33,Percentuale (su voti validi),0
NAZIONALI,2013,LEGA NORD,6,PERC_ASS,14.29,Percentuale (su aventi diritto),0
NAZIONALI,2013,LEGA NORD,6,PERC_VAL,18.77,Percentuale (su voti validi),0
NAZIONALI,2013,LEGA NORD,6,VOTI_OTTENUTI,599.0,Voti ottenuti,0
NAZIONALI,2013,MOVIMENTO 5 STELLE BEPPEGRILLO.IT,7,PERC_VAL,17.7,Percentuale (su voti validi),0
NAZIONALI,2013,MOVIMENTO 5 STELLE BEPPEGRILLO.IT,7,VOTI_OTTENUTI,565.0,Voti ottenuti,0
NAZIONALI,2013,MOVIMENTO 5 STELLE BEPPEGRILLO.IT,7,PERC_ASS,13.48,Percentuale (su aventi diritto),0
NAZIONALI,2013,SCELTA CIVICA CON MONTI PER L'ITALIA,8,PERC_VAL,9.77,Percentuale (su voti validi),0
NAZIONALI,2013,SCELTA CIVICA CON MONTI PER L'ITALIA,8,VOTI_OTTENUTI,312.0,Voti ottenuti,0
NAZIONALI,2013,SCELTA CIVICA CON MONTI PER L'ITALIA,8,PERC_ASS,7.44,Percentuale (su aventi diritto),0
NAZIONALI,2013,NULLE,9,PERC_VAL,,Percentuale (su voti validi),1
NAZIONALI,2013,NULLE,9,VOTI_OTTENUTI,114.0,Voti ottenuti,1
NAZIONALI,2013,NULLE,9,PERC_ASS,2.72,Percentuale (su aventi diritto),1
NAZIONALI,2013,FARE PER FERMARE IL DECLINO,10,PERC_VAL,1.79,Percentuale (su voti validi),0
NAZIONALI,2013,FARE PER FERMARE IL DECLINO,10,VOTI_OTTENUTI,57.0,Voti ottenuti,0
NAZIONALI,2013,FARE PER FERMARE IL DECLINO,10,PERC_ASS,1.36,Percentuale (su aventi diritto),0
NAZIONALI,2013,SINISTRA ECOLOGIA LIBERTA',11,PERC_VAL,1.38,Percentuale (su voti validi),0
NAZIONALI,2013,SINISTRA ECOLOGIA LIBERTA',11,PERC_ASS,1.05,Percentuale (su aventi diritto),0
NAZIONALI,2013,SINISTRA ECOLOGIA LIBERTA',11,VOTI_OTTENUTI,44.0,Voti ottenuti,0
NAZIONALI,2013,RIVOLUZIONE CIVILE,12,PERC_ASS,0.93,Percentuale (su aventi diritto),0
NAZIONALI,2013,RIVOLUZIONE CIVILE,12,PERC_VAL,1.22,Percentuale (su voti validi),0
NAZIONALI,2013,RIVOLUZIONE CIVILE,12,VOTI_OTTENUTI,39.0,Voti ottenuti,0
NAZIONALI,2013,FRATELLI D'ITALIA,13,PERC_ASS,0.91,Percentuale (su aventi diritto),0
NAZIONALI,2013,FRATELLI D'ITALIA,13,PERC_VAL,1.19,Percentuale (su voti validi),0
NAZIONALI,2013,FRATELLI D'ITALIA,13,VOTI_OTTENUTI,38.0,Voti ottenuti,0
NAZIONALI,2013,BIANCHE,14,PERC_ASS,0.86,Percentuale (su aventi diritto),1
NAZIONALI,2013,BIANCHE,14,PERC_VAL,,Percentuale (su voti validi),1
NAZIONALI,2013,BIANCHE,14,VOTI_OTTENUTI,36.0,Voti ottenuti,1
NAZIONALI,2013,UNIONE DI CENTRO,15,PERC_ASS,0.86,Percentuale (su aventi diritto),0
NAZIONALI,2013,UNIONE DI CENTRO,15,PERC_VAL,1.13,Percentuale (su voti validi),0
NAZIONALI,2013,UNIONE DI CENTRO,15,VOTI_OTTENUTI,36.0,Voti ottenuti,0
NAZIONALI,2013,PARTITO COMUNISTA DEI LAVORATORI,16,PERC_VAL,0.5,Percentuale (su voti validi),0
NAZIONALI,2013,PARTITO COMUNISTA DEI LAVORATORI,16,VOTI_OTTENUTI,16.0,Voti ottenuti,0
NAZIONALI,2013,PARTITO COMUNISTA DEI LAVORATORI,16,PERC_ASS,0.38,Percentuale (su aventi diritto),0
NAZIONALI,2013,FORZA NUOVA,17,VOTI_OTTENUTI,13.0,Voti ottenuti,0
NAZIONALI,2013,FORZA NUOVA,17,PERC_ASS,0.31,Percentuale (su aventi diritto),0
NAZIONALI,2013,FORZA NUOVA,17,PERC_VAL,0.41,Percentuale (su voti validi),0
NAZIONALI,2013,IO AMO L'ITALIA,18,VOTI_OTTENUTI,11.0,Voti ottenuti,0
NAZIONALI,2013,IO AMO L'ITALIA,18,PERC_ASS,0.26,Percentuale (su aventi diritto),0
NAZIONALI,2013,IO AMO L'ITALIA,18,PERC_VAL,0.34,Percentuale (su voti validi),0
NAZIONALI,2013,I PIRATI,19,VOTI_OTTENUTI,10.0,Voti ottenuti,0
NAZIONALI,2013,I PIRATI,19,PERC_ASS,0.24,Percentuale (su aventi diritto),0
NAZIONALI,2013,I PIRATI,19,PERC_VAL,0.31,Percentuale (su voti validi),0
NAZIONALI,2013,CENTRO DEMOCRATICO,20,PERC_ASS,0.17,Percentuale (su aventi diritto),0
NAZIONALI,2013,CENTRO DEMOCRATICO,20,PERC_VAL,0.22,Percentuale (su voti validi),0
NAZIONALI,2013,CENTRO DEMOCRATICO,20,VOTI_OTTENUTI,7.0,Voti ottenuti,0
NAZIONALI,2013,INTESA POPOLARE,21,PERC_VAL,0.22,Percentuale (su voti validi),0
NAZIONALI,2013,INTESA POPOLARE,21,VOTI_OTTENUTI,7.0,Voti ottenuti,0
NAZIONALI,2013,INTESA POPOLARE,21,PERC_ASS,0.17,Percentuale (su aventi diritto),0
NAZIONALI,2013,FUTURO E LIBERTA',22,PERC_VAL,0.16,Percentuale (su voti validi),0
NAZIONALI,2013,FUTURO E LIBERTA',22,VOTI_OTTENUTI,5.0,Voti ottenuti,0
NAZIONALI,2013,FUTURO E LIBERTA',22,PERC_ASS,0.12,Percentuale (su aventi diritto),0
NAZIONALI,2013,LA DESTRA,23,PERC_VAL,0.16,Percentuale (su voti validi),0
NAZIONALI,2013,LA DESTRA,23,VOTI_OTTENUTI,5.0,Voti ottenuti,0
NAZIONALI,2013,LA DESTRA,23,PERC_ASS,0.12,Percentuale (su aventi diritto),0
NAZIONALI,2013,RIFORMISTI ITALIANI,24,PERC_VAL,0.06,Percentuale (su voti validi),0
NAZIONALI,2013,RIFORMISTI ITALIANI,24,VOTI_OTTENUTI,2.0,Voti ottenuti,0
NAZIONALI,2013,RIFORMISTI ITALIANI,24,PERC_ASS,0.05,Percentuale (su aventi diritto),0
NAZIONALI,2013,MIR - MODERATI IN RIVOLUZIONE,25,VOTI_OTTENUTI,1.0,Voti ottenuti,0
NAZIONALI,2013,MIR - MODERATI IN RIVOLUZIONE,25,PERC_ASS,0.02,Percentuale (su aventi diritto),0
NAZIONALI,2013,MIR - MODERATI IN RIVOLUZIONE,25,PERC_VAL,0.03,Percentuale (su voti validi),0
NAZIONALI,2013,MAGDI CRISTIANO ALLAM,26,PERC_ASS,0.0,Percentuale (su aventi diritto),0
NAZIONALI,2013,MAGDI CRISTIANO ALLAM,26,PERC_VAL,0.0,Percentuale (su voti validi),0
NAZIONALI,2013,MAGDI CRISTIANO ALLAM,26,VOTI_OTTENUTI,0.0,Voti ottenuti,0
NAZIONALI,2013,MARCO MARSILI,27,PERC_ASS,0.0,Percentuale (su aventi diritto),0
NAZIONALI,2013,MARCO MARSILI,27,PERC_VAL,0.0,Percentuale (su voti validi),0
NAZIONALI,2013,MARCO MARSILI,27,VOTI_OTTENUTI,0.0,Voti ottenuti,0
NAZIONALI,2013,STEFANIA GABRIELLA ANASTASIA CRAXI,28,PERC_ASS,0.0,Percentuale (su aventi diritto),0
NAZIONALI,2013,STEFANIA GABRIELLA ANASTASIA CRAXI,28,PERC_VAL,0.0,Percentuale (su voti validi),0
NAZIONALI,2013,STEFANIA GABRIELLA ANASTASIA CRAXI,28,VOTI_OTTENUTI,0.0,Voti ottenuti,0
NAZIONALI,2013,PIER LUIGI BERSANI,29,PERC_ASS,0.0,Percentuale (su aventi diritto),0
NAZIONALI,2013,PIER LUIGI BERSANI,29,PERC_VAL,0.0,Percentuale (su voti validi),0
NAZIONALI,2013,PIER LUIGI BERSANI,29,VOTI_OTTENUTI,0.0,Voti ottenuti,0
NAZIONALI,2013,ROBERTO FIORE,30,PERC_ASS,0.0,Percentuale (su aventi diritto),0
NAZIONALI,2013,ROBERTO FIORE,30,VOTI_OTTENUTI,0.0,Voti ottenuti,0
NAZIONALI,2013,ROBERTO FIORE,30,PERC_VAL,0.0,Percentuale (su voti validi),0
NAZIONALI,2013,MARCO FERRANDO,31,VOTI_OTTENUTI,0.0,Voti ottenuti,0
NAZIONALI,2013,MARCO FERRANDO,31,PERC_ASS,0.0,Percentuale (su aventi diritto),0
NAZIONALI,2013,MARCO FERRANDO,31,PERC_VAL,0.0,Percentuale (su voti validi),0
NAZIONALI,2013,OSCAR FULVIO GIANNINO,32,VOTI_OTTENUTI,0.0,Voti ottenuti,0
NAZIONALI,2013,OSCAR FULVIO GIANNINO,32,PERC_ASS,0.0,Percentuale (su aventi diritto),0
NAZIONALI,2013,OSCAR FULVIO GIANNINO,32,PERC_VAL,0.0,Percentuale (su voti validi),0
NAZIONALI,2013,ANTONIO INGROIA,33,VOTI_OTTENUTI,0.0,Voti ottenuti,0
NAZIONALI,2013,ANTONIO INGROIA,33,PERC_ASS,0.0,Percentuale (su aventi diritto),0
NAZIONALI,2013,ANTONIO INGROIA,33,PERC_VAL,0.0,Percentuale (su voti validi),0
NAZIONALI,2013,MARIO MONTI,34,VOTI_OTTENUTI,0.0,Voti ottenuti,0
NAZIONALI,2013,MARIO MONTI,34,PERC_ASS,0.0,Percentuale (su aventi diritto),0
NAZIONALI,2013,MARIO MONTI,34,PERC_VAL,0.0,Percentuale (su voti validi),0
NAZIONALI,2013,GIUSEPPE PIERO GRILLO,35,PERC_ASS,0.0,Percentuale (su aventi diritto),0
NAZIONALI,2013,GIUSEPPE PIERO GRILLO,35,PERC_VAL,0.0,Percentuale (su voti validi),0
NAZIONALI,2013,GIUSEPPE PIERO GRILLO,35,VOTI_OTTENUTI,0.0,Voti ottenuti,0
NAZIONALI,2013,0,36,PERC_VAL,0.0,Percentuale (su voti validi),0
NAZIONALI,2013,0,36,VOTI_OTTENUTI,0.0,Voti ottenuti,0
NAZIONALI,2013,0,36,PERC_ASS,0.0,Percentuale (su aventi diritto),0
NAZIONALI,2013,SILVIO BERLUSCONI,37,PERC_VAL,0.0,Percentuale (su voti validi),0
NAZIONALI,2013,SILVIO BERLUSCONI,37,VOTI_OTTENUTI,0.0,Voti ottenuti,0
NAZIONALI,2013,SILVIO BERLUSCONI,37,PERC_ASS,0.0,Percentuale (su aventi diritto),0
NAZIONALI,2013,0,38,PERC_VAL,0.0,Percentuale (su voti validi),0
NAZIONALI,2013,0,38,VOTI_OTTENUTI,0.0,Voti ottenuti,0
NAZIONALI,2013,0,38,PERC_ASS,0.0,Percentuale (su aventi diritto),0
NAZIONALI,2013,0,39,PERC_VAL,0.0,Percentuale (su voti validi),0
NAZIONALI,2013,0,39,VOTI_OTTENUTI,0.0,Voti ottenuti,0
NAZIONALI,2013,0,39,PERC_ASS,0.0,Percentuale (su aventi diritto),0
NAZIONALI,2018,ELETTORI,1,VOTI_OTTENUTI,4191.0,Voti ottenuti,1
NAZIONALI,2018,ELETTORI,1,PERC_ASS,100.0,Percentuale (su aventi diritto),1
NAZIONALI,2018,ELETTORI,1,PERC_VAL,,Percentuale (su voti validi),1
NAZIONALI,2018,VOTANTI,2,VOTI_OTTENUTI,3291.0,Voti ottenuti,1
NAZIONALI,2018,VOTANTI,2,PERC_ASS,78.53,Percentuale (su aventi diritto),1
NAZIONALI,2018,VOTANTI,2,PERC_VAL,,Percentuale (su voti validi),1
NAZIONALI,2018,BRAMBILLA MICHELA VITTORIA,3,VOTI_OTTENUTI,1717.0,Voti ottenuti,0
NAZIONALI,2018,BRAMBILLA MICHELA VITTORIA,3,PERC_ASS,40.97,Percentuale (su aventi diritto),0
NAZIONALI,2018,BRAMBILLA MICHELA VITTORIA,3,PERC_VAL,54.8,Percentuale (su voti validi),0
NAZIONALI,2018,LEGA,4,VOTI_OTTENUTI,1124.0,Voti ottenuti,0
NAZIONALI,2018,LEGA,4,PERC_ASS,26.82,Percentuale (su aventi diritto),0
NAZIONALI,2018,LEGA,4,PERC_VAL,35.88,Percentuale (su voti validi),0
NAZIONALI,2018,ASTENUTI,5,PERC_ASS,21.47,Percentuale (su aventi diritto),1
NAZIONALI,2018,ASTENUTI,5,PERC_VAL,,Percentuale (su voti validi),1
NAZIONALI,2018,ASTENUTI,5,VOTI_OTTENUTI,900.0,Voti ottenuti,1
NAZIONALI,2018,PRINA FRANCESCO,6,PERC_VAL,20.43,Percentuale (su voti validi),0
NAZIONALI,2018,PRINA FRANCESCO,6,VOTI_OTTENUTI,640.0,Voti ottenuti,0
NAZIONALI,2018,PRINA FRANCESCO,6,PERC_ASS,15.27,Percentuale (su aventi diritto),0
NAZIONALI,2018,IPPOLITO FRANCESCO,7,PERC_VAL,19.44,Percentuale (su voti validi),0
NAZIONALI,2018,IPPOLITO FRANCESCO,7,VOTI_OTTENUTI,609.0,Voti ottenuti,0
NAZIONALI,2018,IPPOLITO FRANCESCO,7,PERC_ASS,14.53,Percentuale (su aventi diritto),0
NAZIONALI,2018,MOVIMENTO 5 STELLE,8,PERC_VAL,18.7,Percentuale (su voti validi),0
NAZIONALI,2018,MOVIMENTO 5 STELLE,8,PERC_ASS,13.98,Percentuale (su aventi diritto),0
NAZIONALI,2018,MOVIMENTO 5 STELLE,8,VOTI_OTTENUTI,586.0,Voti ottenuti,0
NAZIONALI,2018,PARTITO DEMOCRATICO,9,PERC_ASS,13.39,Percentuale (su aventi diritto),0
NAZIONALI,2018,PARTITO DEMOCRATICO,9,PERC_VAL,17.91,Percentuale (su voti validi),0
NAZIONALI,2018,PARTITO DEMOCRATICO,9,VOTI_OTTENUTI,561.0,Voti ottenuti,0
NAZIONALI,2018,FORZA ITALIA,10,PERC_ASS,10.26,Percentuale (su aventi diritto),0
NAZIONALI,2018,FORZA ITALIA,10,PERC_VAL,13.72,Percentuale (su voti validi),0
NAZIONALI,2018,FORZA ITALIA,10,VOTI_OTTENUTI,430.0,Voti ottenuti,0
NAZIONALI,2018,FRATELLI D'ITALIA CON GIORGIA MELONI,11,PERC_ASS,2.98,Percentuale (su aventi diritto),0
NAZIONALI,2018,FRATELLI D'ITALIA CON GIORGIA MELONI,11,PERC_VAL,3.99,Percentuale (su voti validi),0
NAZIONALI,2018,FRATELLI D'ITALIA CON GIORGIA MELONI,11,VOTI_OTTENUTI,125.0,Voti ottenuti,0
NAZIONALI,2018,NULLE,12,PERC_ASS,2.96,Percentuale (su aventi diritto),1
NAZIONALI,2018,NULLE,12,PERC_VAL,,Percentuale (su voti validi),1
NAZIONALI,2018,NULLE,12,VOTI_OTTENUTI,124.0,Voti ottenuti,1
NAZIONALI,2018,CASARI STEFANO,13,VOTI_OTTENUTI,51.0,Voti ottenuti,0
NAZIONALI,2018,CASARI STEFANO,13,PERC_ASS,1.22,Percentuale (su aventi diritto),0
NAZIONALI,2018,CASARI STEFANO,13,PERC_VAL,1.63,Percentuale (su voti validi),0
NAZIONALI,2018,+EUROPA,14,PERC_VAL,1.6,Percentuale (su voti validi),0
NAZIONALI,2018,+EUROPA,14,PERC_ASS,1.19,Percentuale (su aventi diritto),0
NAZIONALI,2018,+EUROPA,14,VOTI_OTTENUTI,50.0,Voti ottenuti,0
NAZIONALI,2018,CASAPOUND ITALIA,15,PERC_ASS,1.15,Percentuale (su aventi diritto),0
NAZIONALI,2018,CASAPOUND ITALIA,15,PERC_VAL,1.53,Percentuale (su voti validi),0
NAZIONALI,2018,CASAPOUND ITALIA,15,VOTI_OTTENUTI,48.0,Voti ottenuti,0
NAZIONALI,2018,LIBERI E UGUALI,16,PERC_VAL,1.44,Percentuale (su voti validi),0
NAZIONALI,2018,LIBERI E UGUALI,16,VOTI_OTTENUTI,45.0,Voti ottenuti,0
NAZIONALI,2018,LIBERI E UGUALI,16,PERC_ASS,1.07,Percentuale (su aventi diritto),0
NAZIONALI,2018,DAL TOSO MARCO SERENO,17,PERC_VAL,1.44,Percentuale (su voti validi),0
NAZIONALI,2018,DAL TOSO MARCO SERENO,17,VOTI_OTTENUTI,45.0,Voti ottenuti,0
NAZIONALI,2018,DAL TOSO MARCO SERENO,17,PERC_ASS,1.07,Percentuale (su aventi diritto),0
NAZIONALI,2018,CHIAPPANO PIERO,18,PERC_VAL,1.28,Percentuale (su voti validi),0
NAZIONALI,2018,CHIAPPANO PIERO,18,VOTI_OTTENUTI,40.0,Voti ottenuti,0
NAZIONALI,2018,CHIAPPANO PIERO,18,PERC_ASS,0.95,Percentuale (su aventi diritto),0
NAZIONALI,2018,IL POPOLO DELLA FAMIGLIA,19,PERC_ASS,0.93,Percentuale (su aventi diritto),0
NAZIONALI,2018,IL POPOLO DELLA FAMIGLIA,19,PERC_VAL,1.24,Percentuale (su voti validi),0
NAZIONALI,2018,IL POPOLO DELLA FAMIGLIA,19,VOTI_OTTENUTI,39.0,Voti ottenuti,0
NAZIONALI,2018,BIANCHE,20,PERC_VAL,,Percentuale (su voti validi),1
NAZIONALI,2018,BIANCHE,20,VOTI_OTTENUTI,34.0,Voti ottenuti,1
NAZIONALI,2018,BIANCHE,20,PERC_ASS,0.81,Percentuale (su aventi diritto),1
NAZIONALI,2018,CONTIERO NAOMI,21,VOTI_OTTENUTI,25.0,Voti ottenuti,0
NAZIONALI,2018,CONTIERO NAOMI,21,PERC_ASS,0.6,Percentuale (su aventi diritto),0
NAZIONALI,2018,CONTIERO NAOMI,21,PERC_VAL,0.8,Percentuale (su voti validi),0
NAZIONALI,2018,POTERE AL POPOLO!,22,PERC_ASS,0.55,Percentuale (su aventi diritto),0
NAZIONALI,2018,POTERE AL POPOLO!,22,PERC_VAL,0.73,Percentuale (su voti validi),0
NAZIONALI,2018,POTERE AL POPOLO!,22,VOTI_OTTENUTI,23.0,Voti ottenuti,0
NAZIONALI,2018,NOI CON L'ITALIA - UDC,23,PERC_ASS,0.41,Percentuale (su aventi diritto),0
NAZIONALI,2018,NOI CON L'ITALIA - UDC,23,PERC_VAL,0.54,Percentuale (su voti validi),0
NAZIONALI,2018,NOI CON L'ITALIA - UDC,23,VOTI_OTTENUTI,17.0,Voti ottenuti,0
NAZIONALI,2018,CIVICA POPOLARE LORENZIN,24,PERC_ASS,0.19,Percentuale (su aventi diritto),0
NAZIONALI,2018,CIVICA POPOLARE LORENZIN,24,VOTI_OTTENUTI,8.0,Voti ottenuti,0
NAZIONALI,2018,CIVICA POPOLARE LORENZIN,24,PERC_VAL,0.26,Percentuale (su voti validi),0
NAZIONALI,2018,ITALIA EUROPA INSIEME,25,VOTI_OTTENUTI,6.0,Voti ottenuti,0
NAZIONALI,2018,ITALIA EUROPA INSIEME,25,PERC_VAL,0.19,Percentuale (su voti validi),0
NAZIONALI,2018,ITALIA EUROPA INSIEME,25,PERC_ASS,0.14,Percentuale (su aventi diritto),0
NAZIONALI,2018,RICCI GIOVANNI NICOLO',26,PERC_ASS,0.1,Percentuale (su aventi diritto),0
NAZIONALI,2018,RICCI GIOVANNI NICOLO',26,PERC_VAL,0.13,Percentuale (su voti validi),0
NAZIONALI,2018,RICCI GIOVANNI NICOLO',26,VOTI_OTTENUTI,4.0,Voti ottenuti,0
NAZIONALI,2018,10 VOLTE MEGLIO,27,VOTI_OTTENUTI,4.0,Voti ottenuti,0
NAZIONALI,2018,10 VOLTE MEGLIO,27,PERC_ASS,0.1,Percentuale (su aventi diritto),0
NAZIONALI,2018,10 VOLTE MEGLIO,27,PERC_VAL,0.13,Percentuale (su voti validi),0
NAZIONALI,2018,VIVALDI FEDERICO,28,VOTI_OTTENUTI,2.0,Voti ottenuti,0
NAZIONALI,2018,VIVALDI FEDERICO,28,PERC_ASS,0.05,Percentuale (su aventi diritto),0
NAZIONALI,2018,VIVALDI FEDERICO,28,PERC_VAL,0.06,Percentuale (su voti validi),0
NAZIONALI,2018,PARTITO REPUBBLICANO ITALIANO - ALA,29,PERC_ASS,0.05,Percentuale (su aventi diritto),0
NAZIONALI,2018,PARTITO REPUBBLICANO ITALIANO - ALA,29,VOTI_OTTENUTI,2.0,Voti ottenuti,0
NAZIONALI,2018,PARTITO REPUBBLICANO ITALIANO - ALA,29,PERC_VAL,0.06,Percentuale (su voti validi),0
NAZIONALI,2018,0,30,PERC_VAL,0.0,Percentuale (su voti validi),0
NAZIONALI,2018,0,30,VOTI_OTTENUTI,0.0,Voti ottenuti,0
NAZIONALI,2018,0,30,PERC_ASS,0.0,Percentuale (su aventi diritto),0
NAZIONALI,2022,ELETTORI,1,VOTI_OTTENUTI,4153.0,Voti ottenuti,1
NAZIONALI,2022,ELETTORI,1,PERC_ASS,100.0,Percentuale (su aventi diritto),1
NAZIONALI,2022,ELETTORI,1,PERC_VAL,,Percentuale (su voti validi),1
NAZIONALI,2022,VOTANTI,2,VOTI_OTTENUTI,2938.0,Voti ottenuti,1
NAZIONALI,2022,VOTANTI,2,PERC_ASS,70.74,Percentuale (su aventi diritto),1
NAZIONALI,2022,VOTANTI,2,PERC_VAL,,Percentuale (su voti validi),1
NAZIONALI,2022,RAVETTO LAURA,3,VOTI_OTTENUTI,1631.0,Voti ottenuti,0
NAZIONALI,2022,RAVETTO LAURA,3,PERC_ASS,39.27,Percentuale (su aventi diritto),0
NAZIONALI,2022,RAVETTO LAURA,3,PERC_VAL,57.73,Percentuale (su voti validi),0
NAZIONALI,2022,ASTENUTI,4,VOTI_OTTENUTI,1215.0,Voti ottenuti,1
NAZIONALI,2022,ASTENUTI,4,PERC_ASS,29.26,Percentuale (su aventi diritto),1
NAZIONALI,2022,ASTENUTI,4,PERC_VAL,,Percentuale (su voti validi),1
NAZIONALI,2022,FRATELLI D'ITALIA CON GIORGIA MELONI,5,PERC_ASS,21.53,Percentuale (su aventi diritto),0
NAZIONALI,2022,FRATELLI D'ITALIA CON GIORGIA MELONI,5,PERC_VAL,31.65,Percentuale (su voti validi),0
NAZIONALI,2022,FRATELLI D'ITALIA CON GIORGIA MELONI,5,VOTI_OTTENUTI,894.0,Voti ottenuti,0
NAZIONALI,2022,BETTINELLI SARA,6,PERC_VAL,21.7,Percentuale (su voti validi),0
NAZIONALI,2022,BETTINELLI SARA,6,VOTI_OTTENUTI,613.0,Voti ottenuti,0
NAZIONALI,2022,BETTINELLI SARA,6,PERC_ASS,14.76,Percentuale (su aventi diritto),0
NAZIONALI,2022,LEGA PER SALVINI PREMIER,7,PERC_VAL,16.07,Percentuale (su voti validi),0
NAZIONALI,2022,LEGA PER SALVINI PREMIER,7,VOTI_OTTENUTI,454.0,Voti ottenuti,0
NAZIONALI,2022,LEGA PER SALVINI PREMIER,7,PERC_ASS,10.93,Percentuale (su aventi diritto),0
NAZIONALI,2022,PARTITO DEMOCRATICO - ITALIA DEMOCRATICA E PROGRESSISTA,8,PERC_VAL,13.88,Percentuale (su voti validi),0
NAZIONALI,2022,PARTITO DEMOCRATICO - ITALIA DEMOCRATICA E PROGRESSISTA,8,PERC_ASS,9.44,Percentuale (su aventi diritto),0
NAZIONALI,2022,PARTITO DEMOCRATICO - ITALIA DEMOCRATICA E PROGRESSISTA,8,VOTI_OTTENUTI,392.0,Voti ottenuti,0
NAZIONALI,2022,SFONDRINI ANDREA,9,PERC_ASS,5.49,Percentuale (su aventi diritto),0
NAZIONALI,2022,SFONDRINI ANDREA,9,PERC_VAL,8.07,Percentuale (su voti validi),0
NAZIONALI,2022,SFONDRINI ANDREA,9,VOTI_OTTENUTI,228.0,Voti ottenuti,0
NAZIONALI,2022,AZIONE - ITALIA VIVA - CALENDA,10,PERC_ASS,5.35,Percentuale (su aventi diritto),0
NAZIONALI,2022,AZIONE - ITALIA VIVA - CALENDA,10,PERC_VAL,7.86,Percentuale (su voti validi),0
NAZIONALI,2022,AZIONE - ITALIA VIVA - CALENDA,10,VOTI_OTTENUTI,222.0,Voti ottenuti,0
NAZIONALI,2022,FORZA ITALIA,11,PERC_ASS,4.48,Percentuale (su aventi diritto),0
NAZIONALI,2022,FORZA ITALIA,11,PERC_VAL,6.58,Percentuale (su voti validi),0
NAZIONALI,2022,FORZA ITALIA,11,VOTI_OTTENUTI,186.0,Voti ottenuti,0
NAZIONALI,2022,OLGIATI RICCARDO,12,PERC_ASS,4.05,Percentuale (su aventi diritto),0
NAZIONALI,2022,OLGIATI RICCARDO,12,PERC_VAL,5.95,Percentuale (su voti validi),0
NAZIONALI,2022,OLGIATI RICCARDO,12,VOTI_OTTENUTI,168.0,Voti ottenuti,0
NAZIONALI,2022,MOVIMENTO 5 STELLE,13,VOTI_OTTENUTI,166.0,Voti ottenuti,0
NAZIONALI,2022,MOVIMENTO 5 STELLE,13,PERC_ASS,4.0,Percentuale (su aventi diritto),0
NAZIONALI,2022,MOVIMENTO 5 STELLE,13,PERC_VAL,5.88,Percentuale (su voti validi),0
NAZIONALI,2022,ROGGIA ALESSANDRA,14,PERC_VAL,3.08,Percentuale (su voti validi),0
NAZIONALI,2022,ROGGIA ALESSANDRA,14,PERC_ASS,2.09,Percentuale (su aventi diritto),0
NAZIONALI,2022,ROGGIA ALESSANDRA,14,VOTI_OTTENUTI,87.0,Voti ottenuti,0
NAZIONALI,2022,ITALEXIT PER L'ITALIA,15,PERC_ASS,2.07,Percentuale (su aventi diritto),0
NAZIONALI,2022,ITALEXIT PER L'ITALIA,15,PERC_VAL,3.04,Percentuale (su voti validi),0
NAZIONALI,2022,ITALEXIT PER L'ITALIA,15,VOTI_OTTENUTI,86.0,Voti ottenuti,0
NAZIONALI,2022,NULLE,16,PERC_VAL,,Percentuale (su voti validi),1
NAZIONALI,2022,NULLE,16,VOTI_OTTENUTI,82.0,Voti ottenuti,1
NAZIONALI,2022,NULLE,16,PERC_ASS,1.97,Percentuale (su aventi diritto),1
NAZIONALI,2022,+EUROPA,17,PERC_VAL,2.87,Percentuale (su voti validi),0
NAZIONALI,2022,+EUROPA,17,VOTI_OTTENUTI,81.0,Voti ottenuti,0
NAZIONALI,2022,+EUROPA,17,PERC_ASS,1.95,Percentuale (su aventi diritto),0
NAZIONALI,2022,ALLEANZA VERDI E SINISTRA,18,PERC_VAL,2.27,Percentuale (su voti validi),0
NAZIONALI,2022,ALLEANZA VERDI E SINISTRA,18,VOTI_OTTENUTI,64.0,Voti ottenuti,0
NAZIONALI,2022,ALLEANZA VERDI E SINISTRA,18,PERC_ASS,1.54,Percentuale (su aventi diritto),0
NAZIONALI,2022,UNIONE POPOLARE CON DE MAGISTRIS,19,PERC_ASS,0.94,Percentuale (su aventi diritto),0
NAZIONALI,2022,UNIONE POPOLARE CON DE MAGISTRIS,19,PERC_VAL,1.38,Percentuale (su voti validi),0
NAZIONALI,2022,UNIONE POPOLARE CON DE MAGISTRIS,19,VOTI_OTTENUTI,39.0,Voti ottenuti,0
NAZIONALI,2022,AMANN STEFANO,20,PERC_VAL,1.38,Percentuale (su voti validi),0
NAZIONALI,2022,AMANN STEFANO,20,VOTI_OTTENUTI,39.0,Voti ottenuti,0
NAZIONALI,2022,AMANN STEFANO,20,PERC_ASS,0.94,Percentuale (su aventi diritto),0
NAZIONALI,2022,GRATTAROLA ANDREA,21,VOTI_OTTENUTI,35.0,Voti ottenuti,0
NAZIONALI,2022,GRATTAROLA ANDREA,21,PERC_ASS,0.84,Percentuale (su aventi diritto),0
NAZIONALI,2022,GRATTAROLA ANDREA,21,PERC_VAL,1.24,Percentuale (su voti validi),0
NAZIONALI,2022,ITALIA SOVRANA E POPOLARE,22,PERC_ASS,0.79,Percentuale (su aventi diritto),0
NAZIONALI,2022,ITALIA SOVRANA E POPOLARE,22,PERC_VAL,1.17,Percentuale (su voti validi),0
NAZIONALI,2022,ITALIA SOVRANA E POPOLARE,22,VOTI_OTTENUTI,33.0,Voti ottenuti,0
NAZIONALI,2022,BIANCHE,23,PERC_ASS,0.75,Percentuale (su aventi diritto),1
NAZIONALI,2022,BIANCHE,23,PERC_VAL,,Percentuale (su voti validi),1
NAZIONALI,2022,BIANCHE,23,VOTI_OTTENUTI,31.0,Voti ottenuti,1
NAZIONALI,2022,NOI MODERATI/LUPI - TOTI - BRUGNARO - UDC,24,PERC_ASS,0.65,Percentuale (su aventi diritto),0
NAZIONALI,2022,NOI MODERATI/LUPI - TOTI - BRUGNARO - UDC,24,VOTI_OTTENUTI,27.0,Voti ottenuti,0
NAZIONALI,2022,NOI MODERATI/LUPI - TOTI - BRUGNARO - UDC,24,PERC_VAL,0.96,Percentuale (su voti validi),0
NAZIONALI,2022,FORLINI LUISA,25,VOTI_OTTENUTI,22.0,Voti ottenuti,0
NAZIONALI,2022,FORLINI LUISA,25,PERC_VAL,0.78,Percentuale (su voti validi),0
NAZIONALI,2022,FORLINI LUISA,25,PERC_ASS,0.53,Percentuale (su aventi diritto),0
NAZIONALI,2022,VITA,26,PERC_ASS,0.48,Percentuale (su aventi diritto),0
NAZIONALI,2022,VITA,26,PERC_VAL,0.71,Percentuale (su voti validi),0
NAZIONALI,2022,VITA,26,VOTI_OTTENUTI,20.0,Voti ottenuti,0
NAZIONALI,2022,IMPEGNO CIVICO LUIGI DI MAIO - CENTRO DEMOCRATICO,27,VOTI_OTTENUTI,7.0,Voti ottenuti,0
NAZIONALI,2022,IMPEGNO CIVICO LUIGI DI MAIO - CENTRO DEMOCRATICO,27,PERC_ASS,0.17,Percentuale (su aventi diritto),0
NAZIONALI,2022,IMPEGNO CIVICO LUIGI DI MAIO - CENTRO DEMOCRATICO,27,PERC_VAL,0.25,Percentuale (su voti validi),0
NAZIONALI,2022,MARTUCCI ERMINIO,28,VOTI_OTTENUTI,2.0,Voti ottenuti,0
NAZIONALI,2022,MARTUCCI ERMINIO,28,PERC_ASS,0.05,Percentuale (su aventi diritto),0
NAZIONALI,2022,MARTUCCI ERMINIO,28,PERC_VAL,0.07,Percentuale (su voti validi),0
NAZIONALI,2022,MASTELLA NOI DI CENTRO EUROPEISTI,29,PERC_ASS,0.02,Percentuale (su aventi diritto),0
NAZIONALI,2022,MASTELLA NOI DI CENTRO EUROPEISTI,29,VOTI_OTTENUTI,1.0,Voti ottenuti,0
NAZIONALI,2022,MASTELLA NOI DI CENTRO EUROPEISTI,29,PERC_VAL,0.04,Percentuale (su voti validi),0
NAZIONALI,2022,0,30,PERC_VAL,0.0,Percentuale (su voti validi),0
NAZIONALI,2022,0,30,VOTI_OTTENUTI,0.0,Voti ottenuti,0
NAZIONALI,2022,0,30,PERC_ASS,0.0,Percentuale (su aventi diritto),0
