ANNO,QUESITO,SIMPLIFIED_Q,VERBOSE_Q,PREFERENZA,LBL_TIPO_METRICA,TIPO_METRICA,LOCALE,NAZIONALE,FLG_NOT_VALID,COMUNE
1946,Referendum sulla forma istituzionale dello Stato,1946 - Monarchia vs Repubblica,a scegliere quale tra monarchia e repubblica dovesse essere la nuova forma istituzionale dello Stato.,ELETTORI,Voti ottenuti,VOTI_OTTENUTI,4262.0,28005449.0,1,MAGNAGO
1946,Referendum sulla forma istituzionale dello Stato,1946 - Monarchia vs Repubblica,a scegliere quale tra monarchia e repubblica dovesse essere la nuova forma istituzionale dello Stato.,ELETTORI,Percentuale (su aventi diritto),PERC_ASS,100.0,100.0,1,MAGNAGO
1946,Referendum sulla forma istituzionale dello Stato,1946 - Monarchia vs Repubblica,a scegliere quale tra monarchia e repubblica dovesse essere la nuova forma istituzionale dello Stato.,ELETTORI,Percentuale (su voti validi),PERC_VAL,,,1,MAGNAGO
1946,Referendum sulla forma istituzionale dello Stato,1946 - Monarchia vs Repubblica,a scegliere quale tra monarchia e repubblica dovesse essere la nuova forma istituzionale dello Stato.,VOTANTI,Voti ottenuti,VOTI_OTTENUTI,4017.0,24946878.0,1,MAGNAGO
1946,Referendum sulla forma istituzionale dello Stato,1946 - Monarchia vs Repubblica,a scegliere quale tra monarchia e repubblica dovesse essere la nuova forma istituzionale dello Stato.,VOTANTI,Percentuale (su aventi diritto),PERC_ASS,94.25,89.08,1,MAGNAGO
1946,Referendum sulla forma istituzionale dello Stato,1946 - Monarchia vs Repubblica,a scegliere quale tra monarchia e repubblica dovesse essere la nuova forma istituzionale dello Stato.,VOTANTI,Percentuale (su voti validi),PERC_VAL,,,1,MAGNAGO
1946,Referendum sulla forma istituzionale dello Stato,1946 - Monarchia vs Repubblica,a scegliere quale tra monarchia e repubblica dovesse essere la nuova forma istituzionale dello Stato.,REPUBBLICA,Voti ottenuti,VOTI_OTTENUTI,2816.0,12718641.0,0,MAGNAGO
1946,Referendum sulla forma istituzionale dello Stato,1946 - Monarchia vs Repubblica,a scegliere quale tra monarchia e repubblica dovesse essere la nuova forma istituzionale dello Stato.,REPUBBLICA,Percentuale (su aventi diritto),PERC_ASS,66.07,45.41,0,MAGNAGO
1946,Referendum sulla forma istituzionale dello Stato,1946 - Monarchia vs Repubblica,a scegliere quale tra monarchia e repubblica dovesse essere la nuova forma istituzionale dello Stato.,REPUBBLICA,Percentuale (su voti validi),PERC_VAL,77.02,54.27,0,MAGNAGO
1946,Referendum sulla forma istituzionale dello Stato,1946 - Monarchia vs Repubblica,a scegliere quale tra monarchia e repubblica dovesse essere la nuova forma istituzionale dello Stato.,MONARCHIA,Percentuale (su aventi diritto),PERC_ASS,19.71,38.27,0,MAGNAGO
1946,Referendum sulla forma istituzionale dello Stato,1946 - Monarchia vs Repubblica,a scegliere quale tra monarchia e repubblica dovesse essere la nuova forma istituzionale dello Stato.,MONARCHIA,Percentuale (su voti validi),PERC_VAL,22.98,45.73,0,MAGNAGO
1946,Referendum sulla forma istituzionale dello Stato,1946 - Monarchia vs Repubblica,a scegliere quale tra monarchia e repubblica dovesse essere la nuova forma istituzionale dello Stato.,MONARCHIA,Voti ottenuti,VOTI_OTTENUTI,840.0,10718502.0,0,MAGNAGO
1946,Referendum sulla forma istituzionale dello Stato,1946 - Monarchia vs Repubblica,a scegliere quale tra monarchia e repubblica dovesse essere la nuova forma istituzionale dello Stato.,BIANCHE,Percentuale (su voti validi),PERC_VAL,,,1,MAGNAGO
1946,Referendum sulla forma istituzionale dello Stato,1946 - Monarchia vs Repubblica,a scegliere quale tra monarchia e repubblica dovesse essere la nuova forma istituzionale dello Stato.,BIANCHE,Voti ottenuti,VOTI_OTTENUTI,325.0,1146729.0,1,MAGNAGO
1946,Referendum sulla forma istituzionale dello Stato,1946 - Monarchia vs Repubblica,a scegliere quale tra monarchia e repubblica dovesse essere la nuova forma istituzionale dello Stato.,BIANCHE,Percentuale (su aventi diritto),PERC_ASS,7.63,4.09,1,MAGNAGO
1946,Referendum sulla forma istituzionale dello Stato,1946 - Monarchia vs Repubblica,a scegliere quale tra monarchia e repubblica dovesse essere la nuova forma istituzionale dello Stato.,ASTENUTI,Percentuale (su voti validi),PERC_VAL,,,1,MAGNAGO
1946,Referendum sulla forma istituzionale dello Stato,1946 - Monarchia vs Repubblica,a scegliere quale tra monarchia e repubblica dovesse essere la nuova forma istituzionale dello Stato.,ASTENUTI,Voti ottenuti,VOTI_OTTENUTI,245.0,3058571.0,1,MAGNAGO
1946,Referendum sulla forma istituzionale dello Stato,1946 - Monarchia vs Repubblica,a scegliere quale tra monarchia e repubblica dovesse essere la nuova forma istituzionale dello Stato.,ASTENUTI,Percentuale (su aventi diritto),PERC_ASS,5.75,10.92,1,MAGNAGO
1946,Referendum sulla forma istituzionale dello Stato,1946 - Monarchia vs Repubblica,a scegliere quale tra monarchia e repubblica dovesse essere la nuova forma istituzionale dello Stato.,NULLE,Percentuale (su voti validi),PERC_VAL,,,1,MAGNAGO
1946,Referendum sulla forma istituzionale dello Stato,1946 - Monarchia vs Repubblica,a scegliere quale tra monarchia e repubblica dovesse essere la nuova forma istituzionale dello Stato.,NULLE,Voti ottenuti,VOTI_OTTENUTI,36.0,363006.0,1,MAGNAGO
1946,Referendum sulla forma istituzionale dello Stato,1946 - Monarchia vs Repubblica,a scegliere quale tra monarchia e repubblica dovesse essere la nuova forma istituzionale dello Stato.,NULLE,Percentuale (su aventi diritto),PERC_ASS,0.84,1.3,1,MAGNAGO
1974,Referendum sul divorzio,1974 - Divorzio,ad esprimersi sulla possibilità di abrogare la legge che introduceva il divorzio in Italia.,ELETTORI,Voti ottenuti,VOTI_OTTENUTI,2872.0,37646322.0,1,VANZAGHELLO
1974,Referendum sul divorzio,1974 - Divorzio,ad esprimersi sulla possibilità di abrogare la legge che introduceva il divorzio in Italia.,ELETTORI,Percentuale (su aventi diritto),PERC_ASS,100.0,100.0,1,VANZAGHELLO
1974,Referendum sul divorzio,1974 - Divorzio,ad esprimersi sulla possibilità di abrogare la legge che introduceva il divorzio in Italia.,ELETTORI,Percentuale (su voti validi),PERC_VAL,,,1,VANZAGHELLO
1974,Referendum sul divorzio,1974 - Divorzio,ad esprimersi sulla possibilità di abrogare la legge che introduceva il divorzio in Italia.,VOTANTI,Voti ottenuti,VOTI_OTTENUTI,2697.0,33023179.0,1,VANZAGHELLO
1974,Referendum sul divorzio,1974 - Divorzio,ad esprimersi sulla possibilità di abrogare la legge che introduceva il divorzio in Italia.,VOTANTI,Percentuale (su aventi diritto),PERC_ASS,93.91,87.72,1,VANZAGHELLO
1974,Referendum sul divorzio,1974 - Divorzio,ad esprimersi sulla possibilità di abrogare la legge che introduceva il divorzio in Italia.,VOTANTI,Percentuale (su voti validi),PERC_VAL,,,1,VANZAGHELLO
1974,Referendum sul divorzio,1974 - Divorzio,ad esprimersi sulla possibilità di abrogare la legge che introduceva il divorzio in Italia.,NO,Voti ottenuti,VOTI_OTTENUTI,1386.0,19138300.0,0,VANZAGHELLO
1974,Referendum sul divorzio,1974 - Divorzio,ad esprimersi sulla possibilità di abrogare la legge che introduceva il divorzio in Italia.,NO,Percentuale (su aventi diritto),PERC_ASS,48.26,50.84,0,VANZAGHELLO
1974,Referendum sul divorzio,1974 - Divorzio,ad esprimersi sulla possibilità di abrogare la legge che introduceva il divorzio in Italia.,NO,Percentuale (su voti validi),PERC_VAL,53.39,59.26,0,VANZAGHELLO
1974,Referendum sul divorzio,1974 - Divorzio,ad esprimersi sulla possibilità di abrogare la legge che introduceva il divorzio in Italia.,SI,Percentuale (su aventi diritto),PERC_ASS,42.13,34.95,0,VANZAGHELLO
1974,Referendum sul divorzio,1974 - Divorzio,ad esprimersi sulla possibilità di abrogare la legge che introduceva il divorzio in Italia.,SI,Percentuale (su voti validi),PERC_VAL,46.61,40.74,0,VANZAGHELLO
1974,Referendum sul divorzio,1974 - Divorzio,ad esprimersi sulla possibilità di abrogare la legge che introduceva il divorzio in Italia.,SI,Voti ottenuti,VOTI_OTTENUTI,1210.0,13157558.0,0,VANZAGHELLO
1974,Referendum sul divorzio,1974 - Divorzio,ad esprimersi sulla possibilità di abrogare la legge che introduceva il divorzio in Italia.,ASTENUTI,Percentuale (su voti validi),PERC_VAL,,,1,VANZAGHELLO
1974,Referendum sul divorzio,1974 - Divorzio,ad esprimersi sulla possibilità di abrogare la legge che introduceva il divorzio in Italia.,ASTENUTI,Voti ottenuti,VOTI_OTTENUTI,175.0,4623143.0,1,VANZAGHELLO
1974,Referendum sul divorzio,1974 - Divorzio,ad esprimersi sulla possibilità di abrogare la legge che introduceva il divorzio in Italia.,ASTENUTI,Percentuale (su aventi diritto),PERC_ASS,6.09,12.28,1,VANZAGHELLO
1974,Referendum sul divorzio,1974 - Divorzio,ad esprimersi sulla possibilità di abrogare la legge che introduceva il divorzio in Italia.,BIANCHE,Percentuale (su voti validi),PERC_VAL,,,1,VANZAGHELLO
1974,Referendum sul divorzio,1974 - Divorzio,ad esprimersi sulla possibilità di abrogare la legge che introduceva il divorzio in Italia.,BIANCHE,Voti ottenuti,VOTI_OTTENUTI,74.0,425694.0,1,VANZAGHELLO
1974,Referendum sul divorzio,1974 - Divorzio,ad esprimersi sulla possibilità di abrogare la legge che introduceva il divorzio in Italia.,BIANCHE,Percentuale (su aventi diritto),PERC_ASS,2.58,1.13,1,VANZAGHELLO
1974,Referendum sul divorzio,1974 - Divorzio,ad esprimersi sulla possibilità di abrogare la legge che introduceva il divorzio in Italia.,NULLE,Percentuale (su voti validi),PERC_VAL,,,1,VANZAGHELLO
1974,Referendum sul divorzio,1974 - Divorzio,ad esprimersi sulla possibilità di abrogare la legge che introduceva il divorzio in Italia.,NULLE,Voti ottenuti,VOTI_OTTENUTI,27.0,301627.0,1,VANZAGHELLO
1974,Referendum sul divorzio,1974 - Divorzio,ad esprimersi sulla possibilità di abrogare la legge che introduceva il divorzio in Italia.,NULLE,Percentuale (su aventi diritto),PERC_ASS,0.94,0.8,1,VANZAGHELLO
1978,Referendum sul finanziamento pubblico ai partiti,1978 - Finanziamento pubblico ai partiti, ad esprimersi sull'abolizione del finanziamento pubblico ai partiti.,ELETTORI,Voti ottenuti,VOTI_OTTENUTI,3141.0,41248657.0,1,VANZAGHELLO
1978,Referendum sul finanziamento pubblico ai partiti,1978 - Finanziamento pubblico ai partiti, ad esprimersi sull'abolizione del finanziamento pubblico ai partiti.,ELETTORI,Percentuale (su aventi diritto),PERC_ASS,100.0,100.0,1,VANZAGHELLO
1978,Referendum sul finanziamento pubblico ai partiti,1978 - Finanziamento pubblico ai partiti, ad esprimersi sull'abolizione del finanziamento pubblico ai partiti.,ELETTORI,Percentuale (su voti validi),PERC_VAL,,,1,VANZAGHELLO
1978,Referendum sul finanziamento pubblico ai partiti,1978 - Finanziamento pubblico ai partiti, ad esprimersi sull'abolizione del finanziamento pubblico ai partiti.,VOTANTI,Voti ottenuti,VOTI_OTTENUTI,2822.0,33488690.0,1,VANZAGHELLO
1978,Referendum sul finanziamento pubblico ai partiti,1978 - Finanziamento pubblico ai partiti, ad esprimersi sull'abolizione del finanziamento pubblico ai partiti.,VOTANTI,Percentuale (su aventi diritto),PERC_ASS,89.84,81.19,1,VANZAGHELLO
1978,Referendum sul finanziamento pubblico ai partiti,1978 - Finanziamento pubblico ai partiti, ad esprimersi sull'abolizione del finanziamento pubblico ai partiti.,VOTANTI,Percentuale (su voti validi),PERC_VAL,,,1,VANZAGHELLO
1978,Referendum sul finanziamento pubblico ai partiti,1978 - Finanziamento pubblico ai partiti, ad esprimersi sull'abolizione del finanziamento pubblico ai partiti.,NO,Voti ottenuti,VOTI_OTTENUTI,1633.0,17718478.0,0,VANZAGHELLO
1978,Referendum sul finanziamento pubblico ai partiti,1978 - Finanziamento pubblico ai partiti, ad esprimersi sull'abolizione del finanziamento pubblico ai partiti.,NO,Percentuale (su aventi diritto),PERC_ASS,51.99,42.96,0,VANZAGHELLO
1978,Referendum sul finanziamento pubblico ai partiti,1978 - Finanziamento pubblico ai partiti, ad esprimersi sull'abolizione del finanziamento pubblico ai partiti.,NO,Percentuale (su voti validi),PERC_VAL,62.16,56.41,0,VANZAGHELLO
1978,Referendum sul finanziamento pubblico ai partiti,1978 - Finanziamento pubblico ai partiti, ad esprimersi sull'abolizione del finanziamento pubblico ai partiti.,SI,Percentuale (su aventi diritto),PERC_ASS,31.65,33.19,0,VANZAGHELLO
1978,Referendum sul finanziamento pubblico ai partiti,1978 - Finanziamento pubblico ai partiti, ad esprimersi sull'abolizione del finanziamento pubblico ai partiti.,SI,Percentuale (su voti validi),PERC_VAL,37.84,43.59,0,VANZAGHELLO
1978,Referendum sul finanziamento pubblico ai partiti,1978 - Finanziamento pubblico ai partiti, ad esprimersi sull'abolizione del finanziamento pubblico ai partiti.,SI,Voti ottenuti,VOTI_OTTENUTI,994.0,13691900.0,0,VANZAGHELLO
1978,Referendum sul finanziamento pubblico ai partiti,1978 - Finanziamento pubblico ai partiti, ad esprimersi sull'abolizione del finanziamento pubblico ai partiti.,ASTENUTI,Percentuale (su voti validi),PERC_VAL,,,1,VANZAGHELLO
1978,Referendum sul finanziamento pubblico ai partiti,1978 - Finanziamento pubblico ai partiti, ad esprimersi sull'abolizione del finanziamento pubblico ai partiti.,ASTENUTI,Voti ottenuti,VOTI_OTTENUTI,319.0,7759967.0,1,VANZAGHELLO
1978,Referendum sul finanziamento pubblico ai partiti,1978 - Finanziamento pubblico ai partiti, ad esprimersi sull'abolizione del finanziamento pubblico ai partiti.,ASTENUTI,Percentuale (su aventi diritto),PERC_ASS,10.16,18.81,1,VANZAGHELLO
1978,Referendum sul finanziamento pubblico ai partiti,1978 - Finanziamento pubblico ai partiti, ad esprimersi sull'abolizione del finanziamento pubblico ai partiti.,BIANCHE,Percentuale (su voti validi),PERC_VAL,,,1,VANZAGHELLO
1978,Referendum sul finanziamento pubblico ai partiti,1978 - Finanziamento pubblico ai partiti, ad esprimersi sull'abolizione del finanziamento pubblico ai partiti.,BIANCHE,Voti ottenuti,VOTI_OTTENUTI,148.0,1091213.0,1,VANZAGHELLO
1978,Referendum sul finanziamento pubblico ai partiti,1978 - Finanziamento pubblico ai partiti, ad esprimersi sull'abolizione del finanziamento pubblico ai partiti.,BIANCHE,Percentuale (su aventi diritto),PERC_ASS,4.71,2.65,1,VANZAGHELLO
1978,Referendum sul finanziamento pubblico ai partiti,1978 - Finanziamento pubblico ai partiti, ad esprimersi sull'abolizione del finanziamento pubblico ai partiti.,NULLE,Percentuale (su voti validi),PERC_VAL,,,1,VANZAGHELLO
1978,Referendum sul finanziamento pubblico ai partiti,1978 - Finanziamento pubblico ai partiti, ad esprimersi sull'abolizione del finanziamento pubblico ai partiti.,NULLE,Voti ottenuti,VOTI_OTTENUTI,47.0,987099.0,1,VANZAGHELLO
1978,Referendum sul finanziamento pubblico ai partiti,1978 - Finanziamento pubblico ai partiti, ad esprimersi sull'abolizione del finanziamento pubblico ai partiti.,NULLE,Percentuale (su aventi diritto),PERC_ASS,1.5,2.39,1,VANZAGHELLO
1981,Referendum sull'ergastolo,1981 - Ergastolo,ad esprimersi sull'abolizione della pena dell'ergastolo,ELETTORI,Voti ottenuti,VOTI_OTTENUTI,3288.0,43154682.0,1,VANZAGHELLO
1981,Referendum sull'ergastolo,1981 - Ergastolo,ad esprimersi sull'abolizione della pena dell'ergastolo,ELETTORI,Percentuale (su aventi diritto),PERC_ASS,100.0,100.0,1,VANZAGHELLO
1981,Referendum sull'ergastolo,1981 - Ergastolo,ad esprimersi sull'abolizione della pena dell'ergastolo,ELETTORI,Percentuale (su voti validi),PERC_VAL,,,1,VANZAGHELLO
1981,Referendum sull'ergastolo,1981 - Ergastolo,ad esprimersi sull'abolizione della pena dell'ergastolo,VOTANTI,Voti ottenuti,VOTI_OTTENUTI,2854.0,34277194.0,1,VANZAGHELLO
1981,Referendum sull'ergastolo,1981 - Ergastolo,ad esprimersi sull'abolizione della pena dell'ergastolo,VOTANTI,Percentuale (su aventi diritto),PERC_ASS,86.8,79.43,1,VANZAGHELLO
1981,Referendum sull'ergastolo,1981 - Ergastolo,ad esprimersi sull'abolizione della pena dell'ergastolo,VOTANTI,Percentuale (su voti validi),PERC_VAL,,,1,VANZAGHELLO
1981,Referendum sull'ergastolo,1981 - Ergastolo,ad esprimersi sull'abolizione della pena dell'ergastolo,NO,Voti ottenuti,VOTI_OTTENUTI,2022.0,24330954.0,0,VANZAGHELLO
1981,Referendum sull'ergastolo,1981 - Ergastolo,ad esprimersi sull'abolizione della pena dell'ergastolo,NO,Percentuale (su aventi diritto),PERC_ASS,61.5,56.38,0,VANZAGHELLO
1981,Referendum sull'ergastolo,1981 - Ergastolo,ad esprimersi sull'abolizione della pena dell'ergastolo,NO,Percentuale (su voti validi),PERC_VAL,80.05,77.37,0,VANZAGHELLO
1981,Referendum sull'ergastolo,1981 - Ergastolo,ad esprimersi sull'abolizione della pena dell'ergastolo,SI,Percentuale (su aventi diritto),PERC_ASS,15.33,16.49,0,VANZAGHELLO
1981,Referendum sull'ergastolo,1981 - Ergastolo,ad esprimersi sull'abolizione della pena dell'ergastolo,SI,Percentuale (su voti validi),PERC_VAL,19.95,22.63,0,VANZAGHELLO
1981,Referendum sull'ergastolo,1981 - Ergastolo,ad esprimersi sull'abolizione della pena dell'ergastolo,SI,Voti ottenuti,VOTI_OTTENUTI,504.0,7114719.0,0,VANZAGHELLO
1981,Referendum sull'ergastolo,1981 - Ergastolo,ad esprimersi sull'abolizione della pena dell'ergastolo,ASTENUTI,Percentuale (su voti validi),PERC_VAL,,,1,VANZAGHELLO
1981,Referendum sull'ergastolo,1981 - Ergastolo,ad esprimersi sull'abolizione della pena dell'ergastolo,ASTENUTI,Voti ottenuti,VOTI_OTTENUTI,434.0,8877488.0,1,VANZAGHELLO
1981,Referendum sull'ergastolo,1981 - Ergastolo,ad esprimersi sull'abolizione della pena dell'ergastolo,ASTENUTI,Percentuale (su aventi diritto),PERC_ASS,13.2,20.57,1,VANZAGHELLO
1981,Referendum sull'ergastolo,1981 - Ergastolo,ad esprimersi sull'abolizione della pena dell'ergastolo,BIANCHE,Percentuale (su voti validi),PERC_VAL,,,1,VANZAGHELLO
1981,Referendum sull'ergastolo,1981 - Ergastolo,ad esprimersi sull'abolizione della pena dell'ergastolo,BIANCHE,Voti ottenuti,VOTI_OTTENUTI,263.0,1978371.0,1,VANZAGHELLO
1981,Referendum sull'ergastolo,1981 - Ergastolo,ad esprimersi sull'abolizione della pena dell'ergastolo,BIANCHE,Percentuale (su aventi diritto),PERC_ASS,8.0,4.58,1,VANZAGHELLO
1981,Referendum sull'ergastolo,1981 - Ergastolo,ad esprimersi sull'abolizione della pena dell'ergastolo,NULLE,Percentuale (su voti validi),PERC_VAL,,,1,VANZAGHELLO
1981,Referendum sull'ergastolo,1981 - Ergastolo,ad esprimersi sull'abolizione della pena dell'ergastolo,NULLE,Voti ottenuti,VOTI_OTTENUTI,65.0,853150.0,1,VANZAGHELLO
1981,Referendum sull'ergastolo,1981 - Ergastolo,ad esprimersi sull'abolizione della pena dell'ergastolo,NULLE,Percentuale (su aventi diritto),PERC_ASS,1.98,1.98,1,VANZAGHELLO
1981,Referendum sul porto d'armi,1981 - Porto d'armi,ad esprimersi sull'abolizione delle norme sulla concessione di porto d'arma da fuoco.,ELETTORI,Voti ottenuti,VOTI_OTTENUTI,3288.0,43154682.0,1,VANZAGHELLO
1981,Referendum sul porto d'armi,1981 - Porto d'armi,ad esprimersi sull'abolizione delle norme sulla concessione di porto d'arma da fuoco.,ELETTORI,Percentuale (su aventi diritto),PERC_ASS,100.0,100.0,1,VANZAGHELLO
1981,Referendum sul porto d'armi,1981 - Porto d'armi,ad esprimersi sull'abolizione delle norme sulla concessione di porto d'arma da fuoco.,ELETTORI,Percentuale (su voti validi),PERC_VAL,,,1,VANZAGHELLO
1981,Referendum sul porto d'armi,1981 - Porto d'armi,ad esprimersi sull'abolizione delle norme sulla concessione di porto d'arma da fuoco.,VOTANTI,Voti ottenuti,VOTI_OTTENUTI,2854.0,34275376.0,1,VANZAGHELLO
1981,Referendum sul porto d'armi,1981 - Porto d'armi,ad esprimersi sull'abolizione delle norme sulla concessione di porto d'arma da fuoco.,VOTANTI,Percentuale (su aventi diritto),PERC_ASS,86.8,79.42,1,VANZAGHELLO
1981,Referendum sul porto d'armi,1981 - Porto d'armi,ad esprimersi sull'abolizione delle norme sulla concessione di porto d'arma da fuoco.,VOTANTI,Percentuale (su voti validi),PERC_VAL,,,1,VANZAGHELLO
1981,Referendum sul porto d'armi,1981 - Porto d'armi,ad esprimersi sull'abolizione delle norme sulla concessione di porto d'arma da fuoco.,NO,Voti ottenuti,VOTI_OTTENUTI,2152.0,26995173.0,0,VANZAGHELLO
1981,Referendum sul porto d'armi,1981 - Porto d'armi,ad esprimersi sull'abolizione delle norme sulla concessione di porto d'arma da fuoco.,NO,Percentuale (su aventi diritto),PERC_ASS,65.45,62.55,0,VANZAGHELLO
1981,Referendum sul porto d'armi,1981 - Porto d'armi,ad esprimersi sull'abolizione delle norme sulla concessione di porto d'arma da fuoco.,NO,Percentuale (su voti validi),PERC_VAL,85.87,85.92,0,VANZAGHELLO
1981,Referendum sul porto d'armi,1981 - Porto d'armi,ad esprimersi sull'abolizione delle norme sulla concessione di porto d'arma da fuoco.,ASTENUTI,Percentuale (su aventi diritto),PERC_ASS,13.2,20.58,1,VANZAGHELLO
1981,Referendum sul porto d'armi,1981 - Porto d'armi,ad esprimersi sull'abolizione delle norme sulla concessione di porto d'arma da fuoco.,ASTENUTI,Percentuale (su voti validi),PERC_VAL,,,1,VANZAGHELLO
1981,Referendum sul porto d'armi,1981 - Porto d'armi,ad esprimersi sull'abolizione delle norme sulla concessione di porto d'arma da fuoco.,ASTENUTI,Voti ottenuti,VOTI_OTTENUTI,434.0,8879306.0,1,VANZAGHELLO
1981,Referendum sul porto d'armi,1981 - Porto d'armi,ad esprimersi sull'abolizione delle norme sulla concessione di porto d'arma da fuoco.,SI,Percentuale (su voti validi),PERC_VAL,14.13,14.08,0,VANZAGHELLO
1981,Referendum sul porto d'armi,1981 - Porto d'armi,ad esprimersi sull'abolizione delle norme sulla concessione di porto d'arma da fuoco.,SI,Voti ottenuti,VOTI_OTTENUTI,354.0,4423426.0,0,VANZAGHELLO
1981,Referendum sul porto d'armi,1981 - Porto d'armi,ad esprimersi sull'abolizione delle norme sulla concessione di porto d'arma da fuoco.,SI,Percentuale (su aventi diritto),PERC_ASS,10.77,10.25,0,VANZAGHELLO
1981,Referendum sul porto d'armi,1981 - Porto d'armi,ad esprimersi sull'abolizione delle norme sulla concessione di porto d'arma da fuoco.,BIANCHE,Percentuale (su voti validi),PERC_VAL,,,1,VANZAGHELLO
1981,Referendum sul porto d'armi,1981 - Porto d'armi,ad esprimersi sull'abolizione delle norme sulla concessione di porto d'arma da fuoco.,BIANCHE,Voti ottenuti,VOTI_OTTENUTI,293.0,2014303.0,1,VANZAGHELLO
1981,Referendum sul porto d'armi,1981 - Porto d'armi,ad esprimersi sull'abolizione delle norme sulla concessione di porto d'arma da fuoco.,BIANCHE,Percentuale (su aventi diritto),PERC_ASS,8.91,4.67,1,VANZAGHELLO
1981,Referendum sul porto d'armi,1981 - Porto d'armi,ad esprimersi sull'abolizione delle norme sulla concessione di porto d'arma da fuoco.,NULLE,Percentuale (su voti validi),PERC_VAL,,,1,VANZAGHELLO
1981,Referendum sul porto d'armi,1981 - Porto d'armi,ad esprimersi sull'abolizione delle norme sulla concessione di porto d'arma da fuoco.,NULLE,Voti ottenuti,VOTI_OTTENUTI,55.0,842474.0,1,VANZAGHELLO
1981,Referendum sul porto d'armi,1981 - Porto d'armi,ad esprimersi sull'abolizione delle norme sulla concessione di porto d'arma da fuoco.,NULLE,Percentuale (su aventi diritto),PERC_ASS,1.67,1.95,1,VANZAGHELLO
1981,Interruzione di gravidanza (Proposta Movimento per la vita),1981 - Aborto,ad esprimersi sulla possibilità di restringere i casi in cui l'aborto era consentito dalla legge.,ELETTORI,Voti ottenuti,VOTI_OTTENUTI,3288.0,43154682.0,1,VANZAGHELLO
1981,Interruzione di gravidanza (Proposta Movimento per la vita),1981 - Aborto,ad esprimersi sulla possibilità di restringere i casi in cui l'aborto era consentito dalla legge.,ELETTORI,Percentuale (su aventi diritto),PERC_ASS,100.0,100.0,1,VANZAGHELLO
1981,Interruzione di gravidanza (Proposta Movimento per la vita),1981 - Aborto,ad esprimersi sulla possibilità di restringere i casi in cui l'aborto era consentito dalla legge.,ELETTORI,Percentuale (su voti validi),PERC_VAL,,,1,VANZAGHELLO
1981,Interruzione di gravidanza (Proposta Movimento per la vita),1981 - Aborto,ad esprimersi sulla possibilità di restringere i casi in cui l'aborto era consentito dalla legge.,VOTANTI,Voti ottenuti,VOTI_OTTENUTI,2854.0,34277119.0,1,VANZAGHELLO
1981,Interruzione di gravidanza (Proposta Movimento per la vita),1981 - Aborto,ad esprimersi sulla possibilità di restringere i casi in cui l'aborto era consentito dalla legge.,VOTANTI,Percentuale (su aventi diritto),PERC_ASS,86.8,79.43,1,VANZAGHELLO
1981,Interruzione di gravidanza (Proposta Movimento per la vita),1981 - Aborto,ad esprimersi sulla possibilità di restringere i casi in cui l'aborto era consentito dalla legge.,VOTANTI,Percentuale (su voti validi),PERC_VAL,,,1,VANZAGHELLO
1981,Interruzione di gravidanza (Proposta Movimento per la vita),1981 - Aborto,ad esprimersi sulla possibilità di restringere i casi in cui l'aborto era consentito dalla legge.,NO,Voti ottenuti,VOTI_OTTENUTI,1502.0,21505323.0,0,VANZAGHELLO
1981,Interruzione di gravidanza (Proposta Movimento per la vita),1981 - Aborto,ad esprimersi sulla possibilità di restringere i casi in cui l'aborto era consentito dalla legge.,NO,Percentuale (su aventi diritto),PERC_ASS,45.68,49.83,0,VANZAGHELLO
1981,Interruzione di gravidanza (Proposta Movimento per la vita),1981 - Aborto,ad esprimersi sulla possibilità di restringere i casi in cui l'aborto era consentito dalla legge.,NO,Percentuale (su voti validi),PERC_VAL,58.63,68.0,0,VANZAGHELLO
1981,Interruzione di gravidanza (Proposta Movimento per la vita),1981 - Aborto,ad esprimersi sulla possibilità di restringere i casi in cui l'aborto era consentito dalla legge.,SI,Percentuale (su aventi diritto),PERC_ASS,32.24,23.45,0,VANZAGHELLO
1981,Interruzione di gravidanza (Proposta Movimento per la vita),1981 - Aborto,ad esprimersi sulla possibilità di restringere i casi in cui l'aborto era consentito dalla legge.,SI,Percentuale (su voti validi),PERC_VAL,41.37,32.0,0,VANZAGHELLO
1981,Interruzione di gravidanza (Proposta Movimento per la vita),1981 - Aborto,ad esprimersi sulla possibilità di restringere i casi in cui l'aborto era consentito dalla legge.,SI,Voti ottenuti,VOTI_OTTENUTI,1060.0,10119797.0,0,VANZAGHELLO
1981,Interruzione di gravidanza (Proposta Movimento per la vita),1981 - Aborto,ad esprimersi sulla possibilità di restringere i casi in cui l'aborto era consentito dalla legge.,ASTENUTI,Percentuale (su voti validi),PERC_VAL,,,1,VANZAGHELLO
1981,Interruzione di gravidanza (Proposta Movimento per la vita),1981 - Aborto,ad esprimersi sulla possibilità di restringere i casi in cui l'aborto era consentito dalla legge.,ASTENUTI,Voti ottenuti,VOTI_OTTENUTI,434.0,8877563.0,1,VANZAGHELLO
1981,Interruzione di gravidanza (Proposta Movimento per la vita),1981 - Aborto,ad esprimersi sulla possibilità di restringere i casi in cui l'aborto era consentito dalla legge.,ASTENUTI,Percentuale (su aventi diritto),PERC_ASS,13.2,20.57,1,VANZAGHELLO
1981,Interruzione di gravidanza (Proposta Movimento per la vita),1981 - Aborto,ad esprimersi sulla possibilità di restringere i casi in cui l'aborto era consentito dalla legge.,BIANCHE,Percentuale (su voti validi),PERC_VAL,,,1,VANZAGHELLO
1981,Interruzione di gravidanza (Proposta Movimento per la vita),1981 - Aborto,ad esprimersi sulla possibilità di restringere i casi in cui l'aborto era consentito dalla legge.,BIANCHE,Voti ottenuti,VOTI_OTTENUTI,227.0,1733769.0,1,VANZAGHELLO
1981,Interruzione di gravidanza (Proposta Movimento per la vita),1981 - Aborto,ad esprimersi sulla possibilità di restringere i casi in cui l'aborto era consentito dalla legge.,BIANCHE,Percentuale (su aventi diritto),PERC_ASS,6.9,4.02,1,VANZAGHELLO
1981,Interruzione di gravidanza (Proposta Movimento per la vita),1981 - Aborto,ad esprimersi sulla possibilità di restringere i casi in cui l'aborto era consentito dalla legge.,NULLE,Percentuale (su voti validi),PERC_VAL,,,1,VANZAGHELLO
1981,Interruzione di gravidanza (Proposta Movimento per la vita),1981 - Aborto,ad esprimersi sulla possibilità di restringere i casi in cui l'aborto era consentito dalla legge.,NULLE,Voti ottenuti,VOTI_OTTENUTI,65.0,918230.0,1,VANZAGHELLO
1981,Interruzione di gravidanza (Proposta Movimento per la vita),1981 - Aborto,ad esprimersi sulla possibilità di restringere i casi in cui l'aborto era consentito dalla legge.,NULLE,Percentuale (su aventi diritto),PERC_ASS,1.98,2.13,1,VANZAGHELLO
1985,Referendum sull'indennità di contingenza (scala mobile),1985 - Scala mobile,ad esprimersi sull'abrogazione della norma che aveva disposto il taglio di 3 punti di contingenza della scala mobile.,ELETTORI,Voti ottenuti,VOTI_OTTENUTI,3465.0,44904290.0,1,VANZAGHELLO
1985,Referendum sull'indennità di contingenza (scala mobile),1985 - Scala mobile,ad esprimersi sull'abrogazione della norma che aveva disposto il taglio di 3 punti di contingenza della scala mobile.,ELETTORI,Percentuale (su aventi diritto),PERC_ASS,100.0,100.0,1,VANZAGHELLO
1985,Referendum sull'indennità di contingenza (scala mobile),1985 - Scala mobile,ad esprimersi sull'abrogazione della norma che aveva disposto il taglio di 3 punti di contingenza della scala mobile.,ELETTORI,Percentuale (su voti validi),PERC_VAL,,,1,VANZAGHELLO
1985,Referendum sull'indennità di contingenza (scala mobile),1985 - Scala mobile,ad esprimersi sull'abrogazione della norma che aveva disposto il taglio di 3 punti di contingenza della scala mobile.,VOTANTI,Voti ottenuti,VOTI_OTTENUTI,3020.0,34959404.0,1,VANZAGHELLO
1985,Referendum sull'indennità di contingenza (scala mobile),1985 - Scala mobile,ad esprimersi sull'abrogazione della norma che aveva disposto il taglio di 3 punti di contingenza della scala mobile.,VOTANTI,Percentuale (su aventi diritto),PERC_ASS,87.16,77.85,1,VANZAGHELLO
1985,Referendum sull'indennità di contingenza (scala mobile),1985 - Scala mobile,ad esprimersi sull'abrogazione della norma che aveva disposto il taglio di 3 punti di contingenza della scala mobile.,VOTANTI,Percentuale (su voti validi),PERC_VAL,,,1,VANZAGHELLO
1985,Referendum sull'indennità di contingenza (scala mobile),1985 - Scala mobile,ad esprimersi sull'abrogazione della norma che aveva disposto il taglio di 3 punti di contingenza della scala mobile.,NO,Voti ottenuti,VOTI_OTTENUTI,1775.0,18384788.0,0,VANZAGHELLO
1985,Referendum sull'indennità di contingenza (scala mobile),1985 - Scala mobile,ad esprimersi sull'abrogazione della norma che aveva disposto il taglio di 3 punti di contingenza della scala mobile.,NO,Percentuale (su aventi diritto),PERC_ASS,51.23,40.94,0,VANZAGHELLO
1985,Referendum sull'indennità di contingenza (scala mobile),1985 - Scala mobile,ad esprimersi sull'abrogazione della norma che aveva disposto il taglio di 3 punti di contingenza della scala mobile.,NO,Percentuale (su voti validi),PERC_VAL,60.85,54.32,0,VANZAGHELLO
1985,Referendum sull'indennità di contingenza (scala mobile),1985 - Scala mobile,ad esprimersi sull'abrogazione della norma che aveva disposto il taglio di 3 punti di contingenza della scala mobile.,SI,Percentuale (su aventi diritto),PERC_ASS,32.96,34.43,0,VANZAGHELLO
1985,Referendum sull'indennità di contingenza (scala mobile),1985 - Scala mobile,ad esprimersi sull'abrogazione della norma che aveva disposto il taglio di 3 punti di contingenza della scala mobile.,SI,Percentuale (su voti validi),PERC_VAL,39.15,45.68,0,VANZAGHELLO
1985,Referendum sull'indennità di contingenza (scala mobile),1985 - Scala mobile,ad esprimersi sull'abrogazione della norma che aveva disposto il taglio di 3 punti di contingenza della scala mobile.,SI,Voti ottenuti,VOTI_OTTENUTI,1142.0,15460855.0,0,VANZAGHELLO
1985,Referendum sull'indennità di contingenza (scala mobile),1985 - Scala mobile,ad esprimersi sull'abrogazione della norma che aveva disposto il taglio di 3 punti di contingenza della scala mobile.,ASTENUTI,Percentuale (su voti validi),PERC_VAL,,,1,VANZAGHELLO
1985,Referendum sull'indennità di contingenza (scala mobile),1985 - Scala mobile,ad esprimersi sull'abrogazione della norma che aveva disposto il taglio di 3 punti di contingenza della scala mobile.,ASTENUTI,Voti ottenuti,VOTI_OTTENUTI,445.0,9944886.0,1,VANZAGHELLO
1985,Referendum sull'indennità di contingenza (scala mobile),1985 - Scala mobile,ad esprimersi sull'abrogazione della norma che aveva disposto il taglio di 3 punti di contingenza della scala mobile.,ASTENUTI,Percentuale (su aventi diritto),PERC_ASS,12.84,22.15,1,VANZAGHELLO
1985,Referendum sull'indennità di contingenza (scala mobile),1985 - Scala mobile,ad esprimersi sull'abrogazione della norma che aveva disposto il taglio di 3 punti di contingenza della scala mobile.,BIANCHE,Percentuale (su voti validi),PERC_VAL,,,1,VANZAGHELLO
1985,Referendum sull'indennità di contingenza (scala mobile),1985 - Scala mobile,ad esprimersi sull'abrogazione della norma che aveva disposto il taglio di 3 punti di contingenza della scala mobile.,BIANCHE,Voti ottenuti,VOTI_OTTENUTI,55.0,476829.0,1,VANZAGHELLO
1985,Referendum sull'indennità di contingenza (scala mobile),1985 - Scala mobile,ad esprimersi sull'abrogazione della norma che aveva disposto il taglio di 3 punti di contingenza della scala mobile.,BIANCHE,Percentuale (su aventi diritto),PERC_ASS,1.59,1.06,1,VANZAGHELLO
1985,Referendum sull'indennità di contingenza (scala mobile),1985 - Scala mobile,ad esprimersi sull'abrogazione della norma che aveva disposto il taglio di 3 punti di contingenza della scala mobile.,NULLE,Percentuale (su voti validi),PERC_VAL,,,1,VANZAGHELLO
1985,Referendum sull'indennità di contingenza (scala mobile),1985 - Scala mobile,ad esprimersi sull'abrogazione della norma che aveva disposto il taglio di 3 punti di contingenza della scala mobile.,NULLE,Voti ottenuti,VOTI_OTTENUTI,48.0,636932.0,1,VANZAGHELLO
1985,Referendum sull'indennità di contingenza (scala mobile),1985 - Scala mobile,ad esprimersi sull'abrogazione della norma che aveva disposto il taglio di 3 punti di contingenza della scala mobile.,NULLE,Percentuale (su aventi diritto),PERC_ASS,1.39,1.42,1,VANZAGHELLO
2009,Abrogazione della possibilita' per uno stesso candidato di presentare la propria candidatura in piu' di una circoscrizione,2009 - Abrogazione della possibilità di candidarsi in più circoscrizioni,ad esprimersi sull'abrogazione della possibilità per uno stesso candidato di candidarsi contemporaneamente in più circoscrizioni.,ELETTORI,Voti ottenuti,VOTI_OTTENUTI,4189.0,46974782.0,1,VANZAGHELLO
2009,Abrogazione della possibilita' per uno stesso candidato di presentare la propria candidatura in piu' di una circoscrizione,2009 - Abrogazione della possibilità di candidarsi in più circoscrizioni,ad esprimersi sull'abrogazione della possibilità per uno stesso candidato di candidarsi contemporaneamente in più circoscrizioni.,ELETTORI,Percentuale (su aventi diritto),PERC_ASS,100.0,100.0,1,VANZAGHELLO
2009,Abrogazione della possibilita' per uno stesso candidato di presentare la propria candidatura in piu' di una circoscrizione,2009 - Abrogazione della possibilità di candidarsi in più circoscrizioni,ad esprimersi sull'abrogazione della possibilità per uno stesso candidato di candidarsi contemporaneamente in più circoscrizioni.,ELETTORI,Percentuale (su voti validi),PERC_VAL,,,1,VANZAGHELLO
2009,Abrogazione della possibilita' per uno stesso candidato di presentare la propria candidatura in piu' di una circoscrizione,2009 - Abrogazione della possibilità di candidarsi in più circoscrizioni,ad esprimersi sull'abrogazione della possibilità per uno stesso candidato di candidarsi contemporaneamente in più circoscrizioni.,ASTENUTI,Voti ottenuti,VOTI_OTTENUTI,2857.0,35593854.0,1,VANZAGHELLO
2009,Abrogazione della possibilita' per uno stesso candidato di presentare la propria candidatura in piu' di una circoscrizione,2009 - Abrogazione della possibilità di candidarsi in più circoscrizioni,ad esprimersi sull'abrogazione della possibilità per uno stesso candidato di candidarsi contemporaneamente in più circoscrizioni.,ASTENUTI,Percentuale (su aventi diritto),PERC_ASS,68.2,75.77,1,VANZAGHELLO
2009,Abrogazione della possibilita' per uno stesso candidato di presentare la propria candidatura in piu' di una circoscrizione,2009 - Abrogazione della possibilità di candidarsi in più circoscrizioni,ad esprimersi sull'abrogazione della possibilità per uno stesso candidato di candidarsi contemporaneamente in più circoscrizioni.,ASTENUTI,Percentuale (su voti validi),PERC_VAL,,,1,VANZAGHELLO
2009,Abrogazione della possibilita' per uno stesso candidato di presentare la propria candidatura in piu' di una circoscrizione,2009 - Abrogazione della possibilità di candidarsi in più circoscrizioni,ad esprimersi sull'abrogazione della possibilità per uno stesso candidato di candidarsi contemporaneamente in più circoscrizioni.,VOTANTI,Voti ottenuti,VOTI_OTTENUTI,1332.0,11380928.0,1,VANZAGHELLO
2009,Abrogazione della possibilita' per uno stesso candidato di presentare la propria candidatura in piu' di una circoscrizione,2009 - Abrogazione della possibilità di candidarsi in più circoscrizioni,ad esprimersi sull'abrogazione della possibilità per uno stesso candidato di candidarsi contemporaneamente in più circoscrizioni.,VOTANTI,Percentuale (su aventi diritto),PERC_ASS,31.8,24.23,1,VANZAGHELLO
2009,Abrogazione della possibilita' per uno stesso candidato di presentare la propria candidatura in piu' di una circoscrizione,2009 - Abrogazione della possibilità di candidarsi in più circoscrizioni,ad esprimersi sull'abrogazione della possibilità per uno stesso candidato di candidarsi contemporaneamente in più circoscrizioni.,VOTANTI,Percentuale (su voti validi),PERC_VAL,,,1,VANZAGHELLO
2009,Abrogazione della possibilita' per uno stesso candidato di presentare la propria candidatura in piu' di una circoscrizione,2009 - Abrogazione della possibilità di candidarsi in più circoscrizioni,ad esprimersi sull'abrogazione della possibilità per uno stesso candidato di candidarsi contemporaneamente in più circoscrizioni.,SI,Percentuale (su aventi diritto),PERC_ASS,24.04,19.35,0,VANZAGHELLO
2009,Abrogazione della possibilita' per uno stesso candidato di presentare la propria candidatura in piu' di una circoscrizione,2009 - Abrogazione della possibilità di candidarsi in più circoscrizioni,ad esprimersi sull'abrogazione della possibilità per uno stesso candidato di candidarsi contemporaneamente in più circoscrizioni.,SI,Percentuale (su voti validi),PERC_VAL,84.27,87.85,0,VANZAGHELLO
2009,Abrogazione della possibilita' per uno stesso candidato di presentare la propria candidatura in piu' di una circoscrizione,2009 - Abrogazione della possibilità di candidarsi in più circoscrizioni,ad esprimersi sull'abrogazione della possibilità per uno stesso candidato di candidarsi contemporaneamente in più circoscrizioni.,SI,Voti ottenuti,VOTI_OTTENUTI,1007.0,9089908.0,0,VANZAGHELLO
2009,Abrogazione della possibilita' per uno stesso candidato di presentare la propria candidatura in piu' di una circoscrizione,2009 - Abrogazione della possibilità di candidarsi in più circoscrizioni,ad esprimersi sull'abrogazione della possibilità per uno stesso candidato di candidarsi contemporaneamente in più circoscrizioni.,NO,Percentuale (su voti validi),PERC_VAL,15.73,12.15,0,VANZAGHELLO
2009,Abrogazione della possibilita' per uno stesso candidato di presentare la propria candidatura in piu' di una circoscrizione,2009 - Abrogazione della possibilità di candidarsi in più circoscrizioni,ad esprimersi sull'abrogazione della possibilità per uno stesso candidato di candidarsi contemporaneamente in più circoscrizioni.,NO,Voti ottenuti,VOTI_OTTENUTI,188.0,1257352.0,0,VANZAGHELLO
2009,Abrogazione della possibilita' per uno stesso candidato di presentare la propria candidatura in piu' di una circoscrizione,2009 - Abrogazione della possibilità di candidarsi in più circoscrizioni,ad esprimersi sull'abrogazione della possibilità per uno stesso candidato di candidarsi contemporaneamente in più circoscrizioni.,NO,Percentuale (su aventi diritto),PERC_ASS,4.49,2.68,0,VANZAGHELLO
2009,Abrogazione della possibilita' per uno stesso candidato di presentare la propria candidatura in piu' di una circoscrizione,2009 - Abrogazione della possibilità di candidarsi in più circoscrizioni,ad esprimersi sull'abrogazione della possibilità per uno stesso candidato di candidarsi contemporaneamente in più circoscrizioni.,BIANCHE,Percentuale (su voti validi),PERC_VAL,,,1,VANZAGHELLO
2009,Abrogazione della possibilita' per uno stesso candidato di presentare la propria candidatura in piu' di una circoscrizione,2009 - Abrogazione della possibilità di candidarsi in più circoscrizioni,ad esprimersi sull'abrogazione della possibilità per uno stesso candidato di candidarsi contemporaneamente in più circoscrizioni.,BIANCHE,Voti ottenuti,VOTI_OTTENUTI,111.0,722094.0,1,VANZAGHELLO
2009,Abrogazione della possibilita' per uno stesso candidato di presentare la propria candidatura in piu' di una circoscrizione,2009 - Abrogazione della possibilità di candidarsi in più circoscrizioni,ad esprimersi sull'abrogazione della possibilità per uno stesso candidato di candidarsi contemporaneamente in più circoscrizioni.,BIANCHE,Percentuale (su aventi diritto),PERC_ASS,2.65,1.54,1,VANZAGHELLO
2009,Abrogazione della possibilita' per uno stesso candidato di presentare la propria candidatura in piu' di una circoscrizione,2009 - Abrogazione della possibilità di candidarsi in più circoscrizioni,ad esprimersi sull'abrogazione della possibilità per uno stesso candidato di candidarsi contemporaneamente in più circoscrizioni.,NULLE,Percentuale (su voti validi),PERC_VAL,,,1,VANZAGHELLO
2009,Abrogazione della possibilita' per uno stesso candidato di presentare la propria candidatura in piu' di una circoscrizione,2009 - Abrogazione della possibilità di candidarsi in più circoscrizioni,ad esprimersi sull'abrogazione della possibilità per uno stesso candidato di candidarsi contemporaneamente in più circoscrizioni.,NULLE,Voti ottenuti,VOTI_OTTENUTI,26.0,311574.0,1,VANZAGHELLO
2009,Abrogazione della possibilita' per uno stesso candidato di presentare la propria candidatura in piu' di una circoscrizione,2009 - Abrogazione della possibilità di candidarsi in più circoscrizioni,ad esprimersi sull'abrogazione della possibilità per uno stesso candidato di candidarsi contemporaneamente in più circoscrizioni.,NULLE,Percentuale (su aventi diritto),PERC_ASS,0.62,0.66,1,VANZAGHELLO
2011,Referendum sulla modalita' di affidamento e gestione dei servizi pubblici locali di rilevanza economica,2011 - Acqua pubblica,ad esprimersi sull'abrogazione delle norme che consentivano di affidare la gestione dei servizi pubblici locali a operatori privati.,ELETTORI,Voti ottenuti,VOTI_OTTENUTI,4203.0,47117456.0,1,VANZAGHELLO
2011,Referendum sulla modalita' di affidamento e gestione dei servizi pubblici locali di rilevanza economica,2011 - Acqua pubblica,ad esprimersi sull'abrogazione delle norme che consentivano di affidare la gestione dei servizi pubblici locali a operatori privati.,ELETTORI,Percentuale (su aventi diritto),PERC_ASS,100.0,100.0,1,VANZAGHELLO
2011,Referendum sulla modalita' di affidamento e gestione dei servizi pubblici locali di rilevanza economica,2011 - Acqua pubblica,ad esprimersi sull'abrogazione delle norme che consentivano di affidare la gestione dei servizi pubblici locali a operatori privati.,ELETTORI,Percentuale (su voti validi),PERC_VAL,,,1,VANZAGHELLO
2011,Referendum sulla modalita' di affidamento e gestione dei servizi pubblici locali di rilevanza economica,2011 - Acqua pubblica,ad esprimersi sull'abrogazione delle norme che consentivano di affidare la gestione dei servizi pubblici locali a operatori privati.,VOTANTI,Voti ottenuti,VOTI_OTTENUTI,2220.0,26876191.0,1,VANZAGHELLO
2011,Referendum sulla modalita' di affidamento e gestione dei servizi pubblici locali di rilevanza economica,2011 - Acqua pubblica,ad esprimersi sull'abrogazione delle norme che consentivano di affidare la gestione dei servizi pubblici locali a operatori privati.,VOTANTI,Percentuale (su aventi diritto),PERC_ASS,52.82,57.04,1,VANZAGHELLO
2011,Referendum sulla modalita' di affidamento e gestione dei servizi pubblici locali di rilevanza economica,2011 - Acqua pubblica,ad esprimersi sull'abrogazione delle norme che consentivano di affidare la gestione dei servizi pubblici locali a operatori privati.,VOTANTI,Percentuale (su voti validi),PERC_VAL,,,1,VANZAGHELLO
2011,Referendum sulla modalita' di affidamento e gestione dei servizi pubblici locali di rilevanza economica,2011 - Acqua pubblica,ad esprimersi sull'abrogazione delle norme che consentivano di affidare la gestione dei servizi pubblici locali a operatori privati.,SI,Voti ottenuti,VOTI_OTTENUTI,2018.0,25411092.0,0,VANZAGHELLO
2011,Referendum sulla modalita' di affidamento e gestione dei servizi pubblici locali di rilevanza economica,2011 - Acqua pubblica,ad esprimersi sull'abrogazione delle norme che consentivano di affidare la gestione dei servizi pubblici locali a operatori privati.,SI,Percentuale (su aventi diritto),PERC_ASS,48.01,53.93,0,VANZAGHELLO
2011,Referendum sulla modalita' di affidamento e gestione dei servizi pubblici locali di rilevanza economica,2011 - Acqua pubblica,ad esprimersi sull'abrogazione delle norme che consentivano di affidare la gestione dei servizi pubblici locali a operatori privati.,SI,Percentuale (su voti validi),PERC_VAL,92.23,95.84,0,VANZAGHELLO
2011,Referendum sulla modalita' di affidamento e gestione dei servizi pubblici locali di rilevanza economica,2011 - Acqua pubblica,ad esprimersi sull'abrogazione delle norme che consentivano di affidare la gestione dei servizi pubblici locali a operatori privati.,ASTENUTI,Percentuale (su aventi diritto),PERC_ASS,47.18,42.96,1,VANZAGHELLO
2011,Referendum sulla modalita' di affidamento e gestione dei servizi pubblici locali di rilevanza economica,2011 - Acqua pubblica,ad esprimersi sull'abrogazione delle norme che consentivano di affidare la gestione dei servizi pubblici locali a operatori privati.,ASTENUTI,Percentuale (su voti validi),PERC_VAL,,,1,VANZAGHELLO
2011,Referendum sulla modalita' di affidamento e gestione dei servizi pubblici locali di rilevanza economica,2011 - Acqua pubblica,ad esprimersi sull'abrogazione delle norme che consentivano di affidare la gestione dei servizi pubblici locali a operatori privati.,ASTENUTI,Voti ottenuti,VOTI_OTTENUTI,1983.0,20241265.0,1,VANZAGHELLO
2011,Referendum sulla modalita' di affidamento e gestione dei servizi pubblici locali di rilevanza economica,2011 - Acqua pubblica,ad esprimersi sull'abrogazione delle norme che consentivano di affidare la gestione dei servizi pubblici locali a operatori privati.,NO,Percentuale (su voti validi),PERC_VAL,7.77,4.16,0,VANZAGHELLO
2011,Referendum sulla modalita' di affidamento e gestione dei servizi pubblici locali di rilevanza economica,2011 - Acqua pubblica,ad esprimersi sull'abrogazione delle norme che consentivano di affidare la gestione dei servizi pubblici locali a operatori privati.,NO,Voti ottenuti,VOTI_OTTENUTI,170.0,1102871.0,0,VANZAGHELLO
2011,Referendum sulla modalita' di affidamento e gestione dei servizi pubblici locali di rilevanza economica,2011 - Acqua pubblica,ad esprimersi sull'abrogazione delle norme che consentivano di affidare la gestione dei servizi pubblici locali a operatori privati.,NO,Percentuale (su aventi diritto),PERC_ASS,4.04,2.34,0,VANZAGHELLO
2011,Referendum sulla modalita' di affidamento e gestione dei servizi pubblici locali di rilevanza economica,2011 - Acqua pubblica,ad esprimersi sull'abrogazione delle norme che consentivano di affidare la gestione dei servizi pubblici locali a operatori privati.,BIANCHE,Percentuale (su voti validi),PERC_VAL,,,1,VANZAGHELLO
2011,Referendum sulla modalita' di affidamento e gestione dei servizi pubblici locali di rilevanza economica,2011 - Acqua pubblica,ad esprimersi sull'abrogazione delle norme che consentivano di affidare la gestione dei servizi pubblici locali a operatori privati.,BIANCHE,Voti ottenuti,VOTI_OTTENUTI,20.0,261702.0,1,VANZAGHELLO
2011,Referendum sulla modalita' di affidamento e gestione dei servizi pubblici locali di rilevanza economica,2011 - Acqua pubblica,ad esprimersi sull'abrogazione delle norme che consentivano di affidare la gestione dei servizi pubblici locali a operatori privati.,BIANCHE,Percentuale (su aventi diritto),PERC_ASS,0.48,0.56,1,VANZAGHELLO
2011,Referendum sulla modalita' di affidamento e gestione dei servizi pubblici locali di rilevanza economica,2011 - Acqua pubblica,ad esprimersi sull'abrogazione delle norme che consentivano di affidare la gestione dei servizi pubblici locali a operatori privati.,NULLE,Percentuale (su voti validi),PERC_VAL,,,1,VANZAGHELLO
2011,Referendum sulla modalita' di affidamento e gestione dei servizi pubblici locali di rilevanza economica,2011 - Acqua pubblica,ad esprimersi sull'abrogazione delle norme che consentivano di affidare la gestione dei servizi pubblici locali a operatori privati.,NULLE,Voti ottenuti,VOTI_OTTENUTI,12.0,100526.0,1,VANZAGHELLO
2011,Referendum sulla modalita' di affidamento e gestione dei servizi pubblici locali di rilevanza economica,2011 - Acqua pubblica,ad esprimersi sull'abrogazione delle norme che consentivano di affidare la gestione dei servizi pubblici locali a operatori privati.,NULLE,Percentuale (su aventi diritto),PERC_ASS,0.29,0.21,1,VANZAGHELLO
2011,Abrogazione del nucleare,2011 - Nucleare,ad esprimersi sull'abrogazione delle nuove norme che consentivano la produzione nel territorio nazionale di energia elettrica nucleare.,ELETTORI,Voti ottenuti,VOTI_OTTENUTI,4203.0,47117456.0,1,VANZAGHELLO
2011,Abrogazione del nucleare,2011 - Nucleare,ad esprimersi sull'abrogazione delle nuove norme che consentivano la produzione nel territorio nazionale di energia elettrica nucleare.,ELETTORI,Percentuale (su aventi diritto),PERC_ASS,100.0,100.0,1,VANZAGHELLO
2011,Abrogazione del nucleare,2011 - Nucleare,ad esprimersi sull'abrogazione delle nuove norme che consentivano la produzione nel territorio nazionale di energia elettrica nucleare.,ELETTORI,Percentuale (su voti validi),PERC_VAL,,,1,VANZAGHELLO
2011,Abrogazione del nucleare,2011 - Nucleare,ad esprimersi sull'abrogazione delle nuove norme che consentivano la produzione nel territorio nazionale di energia elettrica nucleare.,VOTANTI,Voti ottenuti,VOTI_OTTENUTI,2211.0,26862995.0,1,VANZAGHELLO
2011,Abrogazione del nucleare,2011 - Nucleare,ad esprimersi sull'abrogazione delle nuove norme che consentivano la produzione nel territorio nazionale di energia elettrica nucleare.,VOTANTI,Percentuale (su aventi diritto),PERC_ASS,52.61,57.01,1,VANZAGHELLO
2011,Abrogazione del nucleare,2011 - Nucleare,ad esprimersi sull'abrogazione delle nuove norme che consentivano la produzione nel territorio nazionale di energia elettrica nucleare.,VOTANTI,Percentuale (su voti validi),PERC_VAL,,,1,VANZAGHELLO
2011,Abrogazione del nucleare,2011 - Nucleare,ad esprimersi sull'abrogazione delle nuove norme che consentivano la produzione nel territorio nazionale di energia elettrica nucleare.,ASTENUTI,Voti ottenuti,VOTI_OTTENUTI,1992.0,20254461.0,1,VANZAGHELLO
2011,Abrogazione del nucleare,2011 - Nucleare,ad esprimersi sull'abrogazione delle nuove norme che consentivano la produzione nel territorio nazionale di energia elettrica nucleare.,ASTENUTI,Percentuale (su aventi diritto),PERC_ASS,47.39,42.99,1,VANZAGHELLO
2011,Abrogazione del nucleare,2011 - Nucleare,ad esprimersi sull'abrogazione delle nuove norme che consentivano la produzione nel territorio nazionale di energia elettrica nucleare.,ASTENUTI,Percentuale (su voti validi),PERC_VAL,,,1,VANZAGHELLO
2011,Abrogazione del nucleare,2011 - Nucleare,ad esprimersi sull'abrogazione delle nuove norme che consentivano la produzione nel territorio nazionale di energia elettrica nucleare.,SI,Percentuale (su aventi diritto),PERC_ASS,47.37,53.44,0,VANZAGHELLO
2011,Abrogazione del nucleare,2011 - Nucleare,ad esprimersi sull'abrogazione delle nuove norme che consentivano la produzione nel territorio nazionale di energia elettrica nucleare.,SI,Percentuale (su voti validi),PERC_VAL,91.37,94.75,0,VANZAGHELLO
2011,Abrogazione del nucleare,2011 - Nucleare,ad esprimersi sull'abrogazione delle nuove norme che consentivano la produzione nel territorio nazionale di energia elettrica nucleare.,SI,Voti ottenuti,VOTI_OTTENUTI,1991.0,25180245.0,0,VANZAGHELLO
2011,Abrogazione del nucleare,2011 - Nucleare,ad esprimersi sull'abrogazione delle nuove norme che consentivano la produzione nel territorio nazionale di energia elettrica nucleare.,NO,Percentuale (su voti validi),PERC_VAL,8.63,5.25,0,VANZAGHELLO
2011,Abrogazione del nucleare,2011 - Nucleare,ad esprimersi sull'abrogazione delle nuove norme che consentivano la produzione nel territorio nazionale di energia elettrica nucleare.,NO,Voti ottenuti,VOTI_OTTENUTI,188.0,1394568.0,0,VANZAGHELLO
2011,Abrogazione del nucleare,2011 - Nucleare,ad esprimersi sull'abrogazione delle nuove norme che consentivano la produzione nel territorio nazionale di energia elettrica nucleare.,NO,Percentuale (su aventi diritto),PERC_ASS,4.47,2.96,0,VANZAGHELLO
2011,Abrogazione del nucleare,2011 - Nucleare,ad esprimersi sull'abrogazione delle nuove norme che consentivano la produzione nel territorio nazionale di energia elettrica nucleare.,BIANCHE,Percentuale (su voti validi),PERC_VAL,,,1,VANZAGHELLO
2011,Abrogazione del nucleare,2011 - Nucleare,ad esprimersi sull'abrogazione delle nuove norme che consentivano la produzione nel territorio nazionale di energia elettrica nucleare.,BIANCHE,Voti ottenuti,VOTI_OTTENUTI,22.0,196037.0,1,VANZAGHELLO
2011,Abrogazione del nucleare,2011 - Nucleare,ad esprimersi sull'abrogazione delle nuove norme che consentivano la produzione nel territorio nazionale di energia elettrica nucleare.,BIANCHE,Percentuale (su aventi diritto),PERC_ASS,0.52,0.42,1,VANZAGHELLO
2011,Abrogazione del nucleare,2011 - Nucleare,ad esprimersi sull'abrogazione delle nuove norme che consentivano la produzione nel territorio nazionale di energia elettrica nucleare.,NULLE,Percentuale (su voti validi),PERC_VAL,,,1,VANZAGHELLO
2011,Abrogazione del nucleare,2011 - Nucleare,ad esprimersi sull'abrogazione delle nuove norme che consentivano la produzione nel territorio nazionale di energia elettrica nucleare.,NULLE,Voti ottenuti,VOTI_OTTENUTI,10.0,92145.0,1,VANZAGHELLO
2011,Abrogazione del nucleare,2011 - Nucleare,ad esprimersi sull'abrogazione delle nuove norme che consentivano la produzione nel territorio nazionale di energia elettrica nucleare.,NULLE,Percentuale (su aventi diritto),PERC_ASS,0.24,0.2,1,VANZAGHELLO
2011,Referendum sul legittimo impedimento,2011 - Legittimo impedimento,ad esprimersi sull'abrogazione delle norme in termini di legittimo impedimento.,ELETTORI,Voti ottenuti,VOTI_OTTENUTI,4203.0,47117456.0,1,VANZAGHELLO
2011,Referendum sul legittimo impedimento,2011 - Legittimo impedimento,ad esprimersi sull'abrogazione delle norme in termini di legittimo impedimento.,ELETTORI,Percentuale (su aventi diritto),PERC_ASS,100.0,100.0,1,VANZAGHELLO
2011,Referendum sul legittimo impedimento,2011 - Legittimo impedimento,ad esprimersi sull'abrogazione delle norme in termini di legittimo impedimento.,ELETTORI,Percentuale (su voti validi),PERC_VAL,,,1,VANZAGHELLO
2011,Referendum sul legittimo impedimento,2011 - Legittimo impedimento,ad esprimersi sull'abrogazione delle norme in termini di legittimo impedimento.,VOTANTI,Voti ottenuti,VOTI_OTTENUTI,2211.0,26856924.0,1,VANZAGHELLO
2011,Referendum sul legittimo impedimento,2011 - Legittimo impedimento,ad esprimersi sull'abrogazione delle norme in termini di legittimo impedimento.,VOTANTI,Percentuale (su aventi diritto),PERC_ASS,52.61,57.0,1,VANZAGHELLO
2011,Referendum sul legittimo impedimento,2011 - Legittimo impedimento,ad esprimersi sull'abrogazione delle norme in termini di legittimo impedimento.,VOTANTI,Percentuale (su voti validi),PERC_VAL,,,1,VANZAGHELLO
2011,Referendum sul legittimo impedimento,2011 - Legittimo impedimento,ad esprimersi sull'abrogazione delle norme in termini di legittimo impedimento.,ASTENUTI,Voti ottenuti,VOTI_OTTENUTI,1992.0,20260532.0,1,VANZAGHELLO
2011,Referendum sul legittimo impedimento,2011 - Legittimo impedimento,ad esprimersi sull'abrogazione delle norme in termini di legittimo impedimento.,ASTENUTI,Percentuale (su aventi diritto),PERC_ASS,47.39,43.0,1,VANZAGHELLO
2011,Referendum sul legittimo impedimento,2011 - Legittimo impedimento,ad esprimersi sull'abrogazione delle norme in termini di legittimo impedimento.,ASTENUTI,Percentuale (su voti validi),PERC_VAL,,,1,VANZAGHELLO
2011,Referendum sul legittimo impedimento,2011 - Legittimo impedimento,ad esprimersi sull'abrogazione delle norme in termini di legittimo impedimento.,SI,Percentuale (su aventi diritto),PERC_ASS,47.2,53.52,0,VANZAGHELLO
2011,Referendum sul legittimo impedimento,2011 - Legittimo impedimento,ad esprimersi sull'abrogazione delle norme in termini di legittimo impedimento.,SI,Percentuale (su voti validi),PERC_VAL,91.51,95.15,0,VANZAGHELLO
2011,Referendum sul legittimo impedimento,2011 - Legittimo impedimento,ad esprimersi sull'abrogazione delle norme in termini di legittimo impedimento.,SI,Voti ottenuti,VOTI_OTTENUTI,1984.0,25218424.0,0,VANZAGHELLO
2011,Referendum sul legittimo impedimento,2011 - Legittimo impedimento,ad esprimersi sull'abrogazione delle norme in termini di legittimo impedimento.,NO,Percentuale (su voti validi),PERC_VAL,8.49,4.85,0,VANZAGHELLO
2011,Referendum sul legittimo impedimento,2011 - Legittimo impedimento,ad esprimersi sull'abrogazione delle norme in termini di legittimo impedimento.,NO,Voti ottenuti,VOTI_OTTENUTI,184.0,1285830.0,0,VANZAGHELLO
2011,Referendum sul legittimo impedimento,2011 - Legittimo impedimento,ad esprimersi sull'abrogazione delle norme in termini di legittimo impedimento.,NO,Percentuale (su aventi diritto),PERC_ASS,4.38,2.73,0,VANZAGHELLO
2011,Referendum sul legittimo impedimento,2011 - Legittimo impedimento,ad esprimersi sull'abrogazione delle norme in termini di legittimo impedimento.,BIANCHE,Percentuale (su voti validi),PERC_VAL,,,1,VANZAGHELLO
2011,Referendum sul legittimo impedimento,2011 - Legittimo impedimento,ad esprimersi sull'abrogazione delle norme in termini di legittimo impedimento.,BIANCHE,Voti ottenuti,VOTI_OTTENUTI,30.0,249675.0,1,VANZAGHELLO
2011,Referendum sul legittimo impedimento,2011 - Legittimo impedimento,ad esprimersi sull'abrogazione delle norme in termini di legittimo impedimento.,BIANCHE,Percentuale (su aventi diritto),PERC_ASS,0.71,0.53,1,VANZAGHELLO
2011,Referendum sul legittimo impedimento,2011 - Legittimo impedimento,ad esprimersi sull'abrogazione delle norme in termini di legittimo impedimento.,NULLE,Percentuale (su voti validi),PERC_VAL,,,1,VANZAGHELLO
2011,Referendum sul legittimo impedimento,2011 - Legittimo impedimento,ad esprimersi sull'abrogazione delle norme in termini di legittimo impedimento.,NULLE,Voti ottenuti,VOTI_OTTENUTI,13.0,102995.0,1,VANZAGHELLO
2011,Referendum sul legittimo impedimento,2011 - Legittimo impedimento,ad esprimersi sull'abrogazione delle norme in termini di legittimo impedimento.,NULLE,Percentuale (su aventi diritto),PERC_ASS,0.31,0.22,1,VANZAGHELLO
2016,Referendum costituzionale - Riforma Renzi-Boschi,2016 - Riforma costituzionale Renzi-Boschi,ad esprimersi sulla riforma costituzionale promossa dal governo di Matteo Renzi nel 2016.,ELETTORI,Voti ottenuti,VOTI_OTTENUTI,4163.0,46720943.0,1,VANZAGHELLO
2016,Referendum costituzionale - Riforma Renzi-Boschi,2016 - Riforma costituzionale Renzi-Boschi,ad esprimersi sulla riforma costituzionale promossa dal governo di Matteo Renzi nel 2016.,ELETTORI,Percentuale (su aventi diritto),PERC_ASS,100.0,100.0,1,VANZAGHELLO
2016,Referendum costituzionale - Riforma Renzi-Boschi,2016 - Riforma costituzionale Renzi-Boschi,ad esprimersi sulla riforma costituzionale promossa dal governo di Matteo Renzi nel 2016.,ELETTORI,Percentuale (su voti validi),PERC_VAL,,,1,VANZAGHELLO
2016,Referendum costituzionale - Riforma Renzi-Boschi,2016 - Riforma costituzionale Renzi-Boschi,ad esprimersi sulla riforma costituzionale promossa dal governo di Matteo Renzi nel 2016.,VOTANTI,Voti ottenuti,VOTI_OTTENUTI,3104.0,31997916.0,1,VANZAGHELLO
2016,Referendum costituzionale - Riforma Renzi-Boschi,2016 - Riforma costituzionale Renzi-Boschi,ad esprimersi sulla riforma costituzionale promossa dal governo di Matteo Renzi nel 2016.,VOTANTI,Percentuale (su aventi diritto),PERC_ASS,74.56,68.49,1,VANZAGHELLO
2016,Referendum costituzionale - Riforma Renzi-Boschi,2016 - Riforma costituzionale Renzi-Boschi,ad esprimersi sulla riforma costituzionale promossa dal governo di Matteo Renzi nel 2016.,VOTANTI,Percentuale (su voti validi),PERC_VAL,,,1,VANZAGHELLO
2016,Referendum costituzionale - Riforma Renzi-Boschi,2016 - Riforma costituzionale Renzi-Boschi,ad esprimersi sulla riforma costituzionale promossa dal governo di Matteo Renzi nel 2016.,NO,Voti ottenuti,VOTI_OTTENUTI,1904.0,19026617.0,0,VANZAGHELLO
2016,Referendum costituzionale - Riforma Renzi-Boschi,2016 - Riforma costituzionale Renzi-Boschi,ad esprimersi sulla riforma costituzionale promossa dal governo di Matteo Renzi nel 2016.,NO,Percentuale (su aventi diritto),PERC_ASS,45.74,40.72,0,VANZAGHELLO
2016,Referendum costituzionale - Riforma Renzi-Boschi,2016 - Riforma costituzionale Renzi-Boschi,ad esprimersi sulla riforma costituzionale promossa dal governo di Matteo Renzi nel 2016.,NO,Percentuale (su voti validi),PERC_VAL,62.02,59.96,0,VANZAGHELLO
2016,Referendum costituzionale - Riforma Renzi-Boschi,2016 - Riforma costituzionale Renzi-Boschi,ad esprimersi sulla riforma costituzionale promossa dal governo di Matteo Renzi nel 2016.,SI,Percentuale (su aventi diritto),PERC_ASS,28.01,27.2,0,VANZAGHELLO
2016,Referendum costituzionale - Riforma Renzi-Boschi,2016 - Riforma costituzionale Renzi-Boschi,ad esprimersi sulla riforma costituzionale promossa dal governo di Matteo Renzi nel 2016.,SI,Percentuale (su voti validi),PERC_VAL,37.98,40.04,0,VANZAGHELLO
2016,Referendum costituzionale - Riforma Renzi-Boschi,2016 - Riforma costituzionale Renzi-Boschi,ad esprimersi sulla riforma costituzionale promossa dal governo di Matteo Renzi nel 2016.,SI,Voti ottenuti,VOTI_OTTENUTI,1166.0,12708172.0,0,VANZAGHELLO
2016,Referendum costituzionale - Riforma Renzi-Boschi,2016 - Riforma costituzionale Renzi-Boschi,ad esprimersi sulla riforma costituzionale promossa dal governo di Matteo Renzi nel 2016.,ASTENUTI,Percentuale (su voti validi),PERC_VAL,,,1,VANZAGHELLO
2016,Referendum costituzionale - Riforma Renzi-Boschi,2016 - Riforma costituzionale Renzi-Boschi,ad esprimersi sulla riforma costituzionale promossa dal governo di Matteo Renzi nel 2016.,ASTENUTI,Voti ottenuti,VOTI_OTTENUTI,1059.0,14723027.0,1,VANZAGHELLO
2016,Referendum costituzionale - Riforma Renzi-Boschi,2016 - Riforma costituzionale Renzi-Boschi,ad esprimersi sulla riforma costituzionale promossa dal governo di Matteo Renzi nel 2016.,ASTENUTI,Percentuale (su aventi diritto),PERC_ASS,25.44,31.51,1,VANZAGHELLO
2016,Referendum costituzionale - Riforma Renzi-Boschi,2016 - Riforma costituzionale Renzi-Boschi,ad esprimersi sulla riforma costituzionale promossa dal governo di Matteo Renzi nel 2016.,NULLE,Percentuale (su voti validi),PERC_VAL,,,1,VANZAGHELLO
2016,Referendum costituzionale - Riforma Renzi-Boschi,2016 - Riforma costituzionale Renzi-Boschi,ad esprimersi sulla riforma costituzionale promossa dal governo di Matteo Renzi nel 2016.,NULLE,Voti ottenuti,VOTI_OTTENUTI,24.0,189007.0,1,VANZAGHELLO
2016,Referendum costituzionale - Riforma Renzi-Boschi,2016 - Riforma costituzionale Renzi-Boschi,ad esprimersi sulla riforma costituzionale promossa dal governo di Matteo Renzi nel 2016.,NULLE,Percentuale (su aventi diritto),PERC_ASS,0.58,0.4,1,VANZAGHELLO
2016,Referendum costituzionale - Riforma Renzi-Boschi,2016 - Riforma costituzionale Renzi-Boschi,ad esprimersi sulla riforma costituzionale promossa dal governo di Matteo Renzi nel 2016.,BIANCHE,Percentuale (su voti validi),PERC_VAL,,,1,VANZAGHELLO
2016,Referendum costituzionale - Riforma Renzi-Boschi,2016 - Riforma costituzionale Renzi-Boschi,ad esprimersi sulla riforma costituzionale promossa dal governo di Matteo Renzi nel 2016.,BIANCHE,Voti ottenuti,VOTI_OTTENUTI,10.0,74120.0,1,VANZAGHELLO
2016,Referendum costituzionale - Riforma Renzi-Boschi,2016 - Riforma costituzionale Renzi-Boschi,ad esprimersi sulla riforma costituzionale promossa dal governo di Matteo Renzi nel 2016.,BIANCHE,Percentuale (su aventi diritto),PERC_ASS,0.24,0.16,1,VANZAGHELLO
2020,Referendum costituzionale - Riduzione del numero dei parlamentari,2020 - Riduzione del numero dei parlamentari,ad esprimersi sulla riforma costituzionale relativa alla riduzione del numero dei parlamentari.,ELETTORI,Voti ottenuti,VOTI_OTTENUTI,4114.0,46418677.0,1,VANZAGHELLO
2020,Referendum costituzionale - Riduzione del numero dei parlamentari,2020 - Riduzione del numero dei parlamentari,ad esprimersi sulla riforma costituzionale relativa alla riduzione del numero dei parlamentari.,ELETTORI,Percentuale (su aventi diritto),PERC_ASS,100.0,100.0,1,VANZAGHELLO
2020,Referendum costituzionale - Riduzione del numero dei parlamentari,2020 - Riduzione del numero dei parlamentari,ad esprimersi sulla riforma costituzionale relativa alla riduzione del numero dei parlamentari.,ELETTORI,Percentuale (su voti validi),PERC_VAL,,,1,VANZAGHELLO
2020,Referendum costituzionale - Riduzione del numero dei parlamentari,2020 - Riduzione del numero dei parlamentari,ad esprimersi sulla riforma costituzionale relativa alla riduzione del numero dei parlamentari.,VOTANTI,Voti ottenuti,VOTI_OTTENUTI,2126.0,24993015.0,1,VANZAGHELLO
2020,Referendum costituzionale - Riduzione del numero dei parlamentari,2020 - Riduzione del numero dei parlamentari,ad esprimersi sulla riforma costituzionale relativa alla riduzione del numero dei parlamentari.,VOTANTI,Percentuale (su aventi diritto),PERC_ASS,51.68,53.84,1,VANZAGHELLO
2020,Referendum costituzionale - Riduzione del numero dei parlamentari,2020 - Riduzione del numero dei parlamentari,ad esprimersi sulla riforma costituzionale relativa alla riduzione del numero dei parlamentari.,VOTANTI,Percentuale (su voti validi),PERC_VAL,,,1,VANZAGHELLO
2020,Referendum costituzionale - Riduzione del numero dei parlamentari,2020 - Riduzione del numero dei parlamentari,ad esprimersi sulla riforma costituzionale relativa alla riduzione del numero dei parlamentari.,ASTENUTI,Voti ottenuti,VOTI_OTTENUTI,1988.0,21425662.0,1,VANZAGHELLO
2020,Referendum costituzionale - Riduzione del numero dei parlamentari,2020 - Riduzione del numero dei parlamentari,ad esprimersi sulla riforma costituzionale relativa alla riduzione del numero dei parlamentari.,ASTENUTI,Percentuale (su aventi diritto),PERC_ASS,48.32,46.16,1,VANZAGHELLO
2020,Referendum costituzionale - Riduzione del numero dei parlamentari,2020 - Riduzione del numero dei parlamentari,ad esprimersi sulla riforma costituzionale relativa alla riduzione del numero dei parlamentari.,ASTENUTI,Percentuale (su voti validi),PERC_VAL,,,1,VANZAGHELLO
2020,Referendum costituzionale - Riduzione del numero dei parlamentari,2020 - Riduzione del numero dei parlamentari,ad esprimersi sulla riforma costituzionale relativa alla riduzione del numero dei parlamentari.,SI,Percentuale (su aventi diritto),PERC_ASS,36.05,36.99,0,VANZAGHELLO
2020,Referendum costituzionale - Riduzione del numero dei parlamentari,2020 - Riduzione del numero dei parlamentari,ad esprimersi sulla riforma costituzionale relativa alla riduzione del numero dei parlamentari.,SI,Percentuale (su voti validi),PERC_VAL,70.18,69.64,0,VANZAGHELLO
2020,Referendum costituzionale - Riduzione del numero dei parlamentari,2020 - Riduzione del numero dei parlamentari,ad esprimersi sulla riforma costituzionale relativa alla riduzione del numero dei parlamentari.,SI,Voti ottenuti,VOTI_OTTENUTI,1483.0,17168702.0,0,VANZAGHELLO
2020,Referendum costituzionale - Riduzione del numero dei parlamentari,2020 - Riduzione del numero dei parlamentari,ad esprimersi sulla riforma costituzionale relativa alla riduzione del numero dei parlamentari.,NO,Percentuale (su voti validi),PERC_VAL,29.82,30.36,0,VANZAGHELLO
2020,Referendum costituzionale - Riduzione del numero dei parlamentari,2020 - Riduzione del numero dei parlamentari,ad esprimersi sulla riforma costituzionale relativa alla riduzione del numero dei parlamentari.,NO,Voti ottenuti,VOTI_OTTENUTI,630.0,7484748.0,0,VANZAGHELLO
2020,Referendum costituzionale - Riduzione del numero dei parlamentari,2020 - Riduzione del numero dei parlamentari,ad esprimersi sulla riforma costituzionale relativa alla riduzione del numero dei parlamentari.,NO,Percentuale (su aventi diritto),PERC_ASS,15.31,16.12,0,VANZAGHELLO
2020,Referendum costituzionale - Riduzione del numero dei parlamentari,2020 - Riduzione del numero dei parlamentari,ad esprimersi sulla riforma costituzionale relativa alla riduzione del numero dei parlamentari.,BIANCHE,Percentuale (su voti validi),PERC_VAL,,,1,VANZAGHELLO
2020,Referendum costituzionale - Riduzione del numero dei parlamentari,2020 - Riduzione del numero dei parlamentari,ad esprimersi sulla riforma costituzionale relativa alla riduzione del numero dei parlamentari.,BIANCHE,Voti ottenuti,VOTI_OTTENUTI,7.0,210848.0,1,VANZAGHELLO
2020,Referendum costituzionale - Riduzione del numero dei parlamentari,2020 - Riduzione del numero dei parlamentari,ad esprimersi sulla riforma costituzionale relativa alla riduzione del numero dei parlamentari.,BIANCHE,Percentuale (su aventi diritto),PERC_ASS,0.17,0.45,1,VANZAGHELLO
2020,Referendum costituzionale - Riduzione del numero dei parlamentari,2020 - Riduzione del numero dei parlamentari,ad esprimersi sulla riforma costituzionale relativa alla riduzione del numero dei parlamentari.,NULLE,Percentuale (su voti validi),PERC_VAL,,,1,VANZAGHELLO
2020,Referendum costituzionale - Riduzione del numero dei parlamentari,2020 - Riduzione del numero dei parlamentari,ad esprimersi sulla riforma costituzionale relativa alla riduzione del numero dei parlamentari.,NULLE,Voti ottenuti,VOTI_OTTENUTI,6.0,128717.0,1,VANZAGHELLO
2020,Referendum costituzionale - Riduzione del numero dei parlamentari,2020 - Riduzione del numero dei parlamentari,ad esprimersi sulla riforma costituzionale relativa alla riduzione del numero dei parlamentari.,NULLE,Percentuale (su aventi diritto),PERC_ASS,0.15,0.28,1,VANZAGHELLO
