COMUNE,ANNO,LISTA,LBL_TIPO_METRICA,ABS_RANK,TIPO_METRICA,LOCALE,REGIONALE,FLG_NOT_VALID
VANZAGHELLO,2023,FRATELLI D'ITALIA,Voti ottenuti,5,VOTI_OTTENUTI,526.0,725402.0,0
VANZAGHELLO,2023,LEGA,Voti ottenuti,7,VOTI_OTTENUTI,331.0,476175.0,0
VANZAGHELLO,2023,PARTITO DEMOCRATICO,Voti ottenuti,8,VOTI_OTTENUTI,322.0,628774.0,0
VANZAGHELLO,2023,FONTANA PRESIDENTE,Voti ottenuti,10,VOTI_OTTENUTI,84.0,177387.0,0
VANZAGHELLO,2023,LETIZIA MORATTI PRESIDENTE,Voti ottenuti,11,VOTI_OTTENUTI,71.0,152652.0,0
VANZAGHELLO,2023,FRATELLI D'ITALIA,Percentuale (su voti validi),5,PERC_VAL,29.62,22.35,0
VANZAGHELLO,2023,LEGA,Percentuale (su voti validi),7,PERC_VAL,18.64,14.67,0
VANZAGHELLO,2023,PARTITO DEMOCRATICO,Percentuale (su voti validi),8,PERC_VAL,18.13,19.37,0
VANZAGHELLO,2023,FRATELLI D'ITALIA,Percentuale (su aventi diritto),5,PERC_ASS,12.28,9.06,0
VANZAGHELLO,2023,LEGA,Percentuale (su aventi diritto),7,PERC_ASS,7.73,5.94,0
VANZAGHELLO,2023,PARTITO DEMOCRATICO,Percentuale (su aventi diritto),8,PERC_ASS,7.52,7.85,0
VANZAGHELLO,2023,FONTANA PRESIDENTE,Percentuale (su voti validi),10,PERC_VAL,4.73,5.47,0
VANZAGHELLO,2023,LETIZIA MORATTI PRESIDENTE,Percentuale (su voti validi),11,PERC_VAL,4.0,4.7,0
VANZAGHELLO,2023,FONTANA PRESIDENTE,Percentuale (su aventi diritto),10,PERC_ASS,1.96,2.21,0
VANZAGHELLO,2023,LETIZIA MORATTI PRESIDENTE,Percentuale (su aventi diritto),11,PERC_ASS,1.66,1.91,0
VANZAGHELLO,2018,LEGA,Voti ottenuti,4,VOTI_OTTENUTI,1164.0,1553787.0,0
VANZAGHELLO,2018,MOVIMENTO 5 STELLE,Voti ottenuti,8,VOTI_OTTENUTI,508.0,933382.0,0
VANZAGHELLO,2018,PARTITO DEMOCRATICO,Voti ottenuti,9,VOTI_OTTENUTI,472.0,1008560.0,0
VANZAGHELLO,2018,FORZA ITALIA,Voti ottenuti,10,VOTI_OTTENUTI,379.0,750739.0,0
VANZAGHELLO,2018,FRATELLI D'ITALIA,Voti ottenuti,11,VOTI_OTTENUTI,102.0,190838.0,0
VANZAGHELLO,2018,LEGA,Percentuale (su voti validi),4,PERC_VAL,36.36,27.67,0
VANZAGHELLO,2018,LEGA,Percentuale (su aventi diritto),4,PERC_ASS,27.18,19.71,0
VANZAGHELLO,2018,MOVIMENTO 5 STELLE,Percentuale (su voti validi),8,PERC_VAL,15.87,16.62,0
VANZAGHELLO,2018,PARTITO DEMOCRATICO,Percentuale (su voti validi),9,PERC_VAL,14.75,17.96,0
VANZAGHELLO,2018,MOVIMENTO 5 STELLE,Percentuale (su aventi diritto),8,PERC_ASS,11.86,11.84,0
VANZAGHELLO,2018,FORZA ITALIA,Percentuale (su voti validi),10,PERC_VAL,11.84,13.37,0
VANZAGHELLO,2018,PARTITO DEMOCRATICO,Percentuale (su aventi diritto),9,PERC_ASS,11.02,12.79,0
VANZAGHELLO,2018,FORZA ITALIA,Percentuale (su aventi diritto),10,PERC_ASS,8.85,9.52,0
VANZAGHELLO,2018,FRATELLI D'ITALIA,Percentuale (su voti validi),11,PERC_VAL,3.19,3.4,0
VANZAGHELLO,2018,FRATELLI D'ITALIA,Percentuale (su aventi diritto),11,PERC_ASS,2.38,2.42,0
VANZAGHELLO,2013,IL POPOLO DELLA LIBERTA',Voti ottenuti,6,VOTI_OTTENUTI,619.0,904742.0,0
VANZAGHELLO,2013,PARTITO DEMOCRATICO,Voti ottenuti,7,VOTI_OTTENUTI,577.0,1369440.0,0
VANZAGHELLO,2013,LEGA NORD,Voti ottenuti,8,VOTI_OTTENUTI,527.0,700907.0,0
VANZAGHELLO,2013,MARONI PRESIDENTE,Voti ottenuti,9,VOTI_OTTENUTI,451.0,552863.0,0
VANZAGHELLO,2013,MOVIMENTO 5 STELLE,Voti ottenuti,11,VOTI_OTTENUTI,407.0,775211.0,0
VANZAGHELLO,2013,IL POPOLO DELLA LIBERTA',Percentuale (su voti validi),6,PERC_VAL,19.19,15.77,0
VANZAGHELLO,2013,PARTITO DEMOCRATICO,Percentuale (su voti validi),7,PERC_VAL,17.89,23.87,0
VANZAGHELLO,2013,LEGA NORD,Percentuale (su voti validi),8,PERC_VAL,16.34,12.22,0
VANZAGHELLO,2013,IL POPOLO DELLA LIBERTA',Percentuale (su aventi diritto),6,PERC_ASS,14.53,11.69,0
VANZAGHELLO,2013,MARONI PRESIDENTE,Percentuale (su voti validi),9,PERC_VAL,13.98,9.64,0
VANZAGHELLO,2013,PARTITO DEMOCRATICO,Percentuale (su aventi diritto),7,PERC_ASS,13.55,17.7,0
VANZAGHELLO,2013,MOVIMENTO 5 STELLE,Percentuale (su voti validi),11,PERC_VAL,12.62,13.51,0
VANZAGHELLO,2013,LEGA NORD,Percentuale (su aventi diritto),8,PERC_ASS,12.37,9.06,0
VANZAGHELLO,2013,MARONI PRESIDENTE,Percentuale (su aventi diritto),9,PERC_ASS,10.59,7.14,0
VANZAGHELLO,2013,MOVIMENTO 5 STELLE,Percentuale (su aventi diritto),11,PERC_ASS,9.56,10.02,0
VANZAGHELLO,2010,IL POPOLO DELLA LIBERTA',Voti ottenuti,4,VOTI_OTTENUTI,891.0,1355133.0,0
VANZAGHELLO,2010,LEGA NORD,Voti ottenuti,5,VOTI_OTTENUTI,745.0,1117227.0,0
VANZAGHELLO,2010,PARTITO DEMOCRATICO,Voti ottenuti,6,VOTI_OTTENUTI,429.0,976215.0,0
VANZAGHELLO,2010,DI PIETRO ITALIA DEI VALORI,Voti ottenuti,7,VOTI_OTTENUTI,124.0,267954.0,0
VANZAGHELLO,2010,UNIONE DI CENTRO,Voti ottenuti,8,VOTI_OTTENUTI,77.0,164078.0,0
VANZAGHELLO,2010,UNIONE DI CENTRO,Voti ottenuti,8,VOTI_OTTENUTI,77.0,0.0,0
VANZAGHELLO,2010,IL POPOLO DELLA LIBERTA',Percentuale (su voti validi),4,PERC_VAL,32.84,28.12,0
VANZAGHELLO,2010,LEGA NORD,Percentuale (su voti validi),5,PERC_VAL,27.46,23.18,0
VANZAGHELLO,2010,IL POPOLO DELLA LIBERTA',Percentuale (su aventi diritto),4,PERC_ASS,21.14,17.61,0
VANZAGHELLO,2010,LEGA NORD,Percentuale (su aventi diritto),5,PERC_ASS,17.67,14.52,0
VANZAGHELLO,2010,PARTITO DEMOCRATICO,Percentuale (su voti validi),6,PERC_VAL,15.81,20.26,0
VANZAGHELLO,2010,PARTITO DEMOCRATICO,Percentuale (su aventi diritto),6,PERC_ASS,10.18,12.69,0
VANZAGHELLO,2010,DI PIETRO ITALIA DEI VALORI,Percentuale (su voti validi),7,PERC_VAL,4.57,5.56,0
VANZAGHELLO,2010,DI PIETRO ITALIA DEI VALORI,Percentuale (su aventi diritto),7,PERC_ASS,2.94,3.48,0
VANZAGHELLO,2010,UNIONE DI CENTRO,Percentuale (su voti validi),8,PERC_VAL,2.84,3.4,0
VANZAGHELLO,2010,UNIONE DI CENTRO,Percentuale (su voti validi),8,PERC_VAL,2.84,0.0,0
VANZAGHELLO,2010,UNIONE DI CENTRO,Percentuale (su aventi diritto),8,PERC_ASS,1.83,2.13,0
VANZAGHELLO,2010,UNIONE DI CENTRO,Percentuale (su aventi diritto),8,PERC_ASS,1.83,0.0,0
VANZAGHELLO,2005,FORZA ITALIA,Voti ottenuti,4,VOTI_OTTENUTI,568.0,1137621.0,0
VANZAGHELLO,2005,LEGA NORD,Voti ottenuti,5,VOTI_OTTENUTI,568.0,693464.0,0
VANZAGHELLO,2005,L'ULIVO,Voti ottenuti,6,VOTI_OTTENUTI,457.0,1186848.0,0
VANZAGHELLO,2005,ALLEANZA NAZIONALE,Voti ottenuti,7,VOTI_OTTENUTI,173.0,380962.0,0
VANZAGHELLO,2005,RIFONDAZIONE COMUNISTA,Voti ottenuti,9,VOTI_OTTENUTI,104.0,248703.0,0
VANZAGHELLO,2005,FORZA ITALIA,Percentuale (su voti validi),4,PERC_VAL,19.55,21.56,0
VANZAGHELLO,2005,LEGA NORD,Percentuale (su voti validi),5,PERC_VAL,19.55,13.14,0
VANZAGHELLO,2005,L'ULIVO,Percentuale (su voti validi),6,PERC_VAL,15.73,22.49,0
VANZAGHELLO,2005,FORZA ITALIA,Percentuale (su aventi diritto),4,PERC_ASS,13.67,14.89,0
VANZAGHELLO,2005,LEGA NORD,Percentuale (su aventi diritto),5,PERC_ASS,13.67,9.08,0
VANZAGHELLO,2005,L'ULIVO,Percentuale (su aventi diritto),6,PERC_ASS,11.0,15.54,0
VANZAGHELLO,2005,ALLEANZA NAZIONALE,Percentuale (su voti validi),7,PERC_VAL,5.95,7.22,0
VANZAGHELLO,2005,ALLEANZA NAZIONALE,Percentuale (su aventi diritto),7,PERC_ASS,4.16,4.99,0
VANZAGHELLO,2005,RIFONDAZIONE COMUNISTA,Percentuale (su voti validi),9,PERC_VAL,3.58,4.71,0
VANZAGHELLO,2005,RIFONDAZIONE COMUNISTA,Percentuale (su aventi diritto),9,PERC_ASS,2.5,3.26,0
VANZAGHELLO,2000,FORZA ITALIA,Voti ottenuti,4,VOTI_OTTENUTI,860.0,1539359.0,0
VANZAGHELLO,2000,LEGA NORD,Voti ottenuti,5,VOTI_OTTENUTI,534.0,702479.0,0
VANZAGHELLO,2000,MARTINAZZOLI CEN-SIN,Voti ottenuti,6,VOTI_OTTENUTI,363.0,918345.0,0
VANZAGHELLO,2000,ALLEANZA NAZIONALE,Voti ottenuti,8,VOTI_OTTENUTI,118.0,441087.0,0
VANZAGHELLO,2000,RIFONDAZIONE COMUNISTA,Voti ottenuti,9,VOTI_OTTENUTI,99.0,289572.0,0
VANZAGHELLO,2000,FORZA ITALIA,Percentuale (su voti validi),4,PERC_VAL,30.6,28.61,0
VANZAGHELLO,2000,FORZA ITALIA,Percentuale (su aventi diritto),4,PERC_ASS,21.25,20.27,0
VANZAGHELLO,2000,LEGA NORD,Percentuale (su voti validi),5,PERC_VAL,19.0,13.06,0
VANZAGHELLO,2000,LEGA NORD,Percentuale (su aventi diritto),5,PERC_ASS,13.19,9.25,0
VANZAGHELLO,2000,MARTINAZZOLI CEN-SIN,Percentuale (su voti validi),6,PERC_VAL,12.92,17.07,0
VANZAGHELLO,2000,MARTINAZZOLI CEN-SIN,Percentuale (su aventi diritto),6,PERC_ASS,8.97,12.09,0
VANZAGHELLO,2000,ALLEANZA NAZIONALE,Percentuale (su voti validi),8,PERC_VAL,4.2,8.2,0
VANZAGHELLO,2000,RIFONDAZIONE COMUNISTA,Percentuale (su voti validi),9,PERC_VAL,3.52,5.38,0
VANZAGHELLO,2000,ALLEANZA NAZIONALE,Percentuale (su aventi diritto),8,PERC_ASS,2.92,5.81,0
VANZAGHELLO,2000,RIFONDAZIONE COMUNISTA,Percentuale (su aventi diritto),9,PERC_ASS,2.45,3.81,0
VANZAGHELLO,1995,LEGA NORD,Voti ottenuti,3,VOTI_OTTENUTI,786.0,879139.0,0
VANZAGHELLO,1995,LEGA NORD,Voti ottenuti,3,VOTI_OTTENUTI,786.0,0.0,0
VANZAGHELLO,1995,FORZA ITALIA,Voti ottenuti,4,VOTI_OTTENUTI,689.0,1455706.0,0
VANZAGHELLO,1995,PDS,Voti ottenuti,6,VOTI_OTTENUTI,315.0,821280.0,0
VANZAGHELLO,1995,ALLEANZA NAZIONALE,Voti ottenuti,8,VOTI_OTTENUTI,139.0,496939.0,0
VANZAGHELLO,1995,RIFONDAZIONE COMUNISTA,Voti ottenuti,10,VOTI_OTTENUTI,126.0,381221.0,0
VANZAGHELLO,1995,RIFONDAZIONE COMUNISTA,Voti ottenuti,10,VOTI_OTTENUTI,126.0,0.0,0
VANZAGHELLO,1995,LEGA NORD,Percentuale (su voti validi),3,PERC_VAL,26.03,15.13,0
VANZAGHELLO,1995,LEGA NORD,Percentuale (su voti validi),3,PERC_VAL,26.03,0.0,0
VANZAGHELLO,1995,FORZA ITALIA,Percentuale (su voti validi),4,PERC_VAL,22.81,25.05,0
VANZAGHELLO,1995,LEGA NORD,Percentuale (su aventi diritto),3,PERC_ASS,20.43,11.71,0
VANZAGHELLO,1995,LEGA NORD,Percentuale (su aventi diritto),3,PERC_ASS,20.43,0.0,0
VANZAGHELLO,1995,FORZA ITALIA,Percentuale (su aventi diritto),4,PERC_ASS,17.91,19.39,0
VANZAGHELLO,1995,PDS,Percentuale (su voti validi),6,PERC_VAL,10.43,14.13,0
VANZAGHELLO,1995,PDS,Percentuale (su aventi diritto),6,PERC_ASS,8.19,10.94,0
VANZAGHELLO,1995,ALLEANZA NAZIONALE,Percentuale (su voti validi),8,PERC_VAL,4.6,8.55,0
VANZAGHELLO,1995,RIFONDAZIONE COMUNISTA,Percentuale (su voti validi),10,PERC_VAL,4.17,6.56,0
VANZAGHELLO,1995,RIFONDAZIONE COMUNISTA,Percentuale (su voti validi),10,PERC_VAL,4.17,0.0,0
VANZAGHELLO,1995,ALLEANZA NAZIONALE,Percentuale (su aventi diritto),8,PERC_ASS,3.61,6.62,0
VANZAGHELLO,1995,RIFONDAZIONE COMUNISTA,Percentuale (su aventi diritto),10,PERC_ASS,3.27,5.08,0
VANZAGHELLO,1995,RIFONDAZIONE COMUNISTA,Percentuale (su aventi diritto),10,PERC_ASS,3.27,0.0,0
VANZAGHELLO,1990,DC,Voti ottenuti,3,VOTI_OTTENUTI,950.0,1784634.0,0
VANZAGHELLO,1990,LEGA LOMBARDA,Voti ottenuti,4,VOTI_OTTENUTI,886.0,1183493.0,0
VANZAGHELLO,1990,PCI,Voti ottenuti,5,VOTI_OTTENUTI,497.0,1172059.0,0
VANZAGHELLO,1990,P.S.I.,Voti ottenuti,6,VOTI_OTTENUTI,421.0,892998.0,0
VANZAGHELLO,1990,LISTA VERDE,Voti ottenuti,9,VOTI_OTTENUTI,103.0,213529.0,0
VANZAGHELLO,1990,DC,Percentuale (su voti validi),3,PERC_VAL,28.79,28.56,0
VANZAGHELLO,1990,LEGA LOMBARDA,Percentuale (su voti validi),4,PERC_VAL,26.85,18.94,0
VANZAGHELLO,1990,DC,Percentuale (su aventi diritto),3,PERC_ASS,25.35,24.59,0
VANZAGHELLO,1990,LEGA LOMBARDA,Percentuale (su aventi diritto),4,PERC_ASS,23.64,16.31,0
VANZAGHELLO,1990,PCI,Percentuale (su voti validi),5,PERC_VAL,15.06,18.76,0
VANZAGHELLO,1990,PCI,Percentuale (su aventi diritto),5,PERC_ASS,13.26,16.15,0
VANZAGHELLO,1990,P.S.I.,Percentuale (su voti validi),6,PERC_VAL,12.76,14.29,0
VANZAGHELLO,1990,P.S.I.,Percentuale (su aventi diritto),6,PERC_ASS,11.23,12.3,0
VANZAGHELLO,1990,LISTA VERDE,Percentuale (su voti validi),9,PERC_VAL,3.12,3.42,0
VANZAGHELLO,1990,LISTA VERDE,Percentuale (su aventi diritto),9,PERC_ASS,2.75,2.94,0
VANZAGHELLO,1985,DC,Voti ottenuti,3,VOTI_OTTENUTI,1171.0,2204685.0,0
VANZAGHELLO,1985,PCI,Voti ottenuti,4,VOTI_OTTENUTI,773.0,1632676.0,0
VANZAGHELLO,1985,P.S.I.,Voti ottenuti,5,VOTI_OTTENUTI,521.0,941395.0,0
VANZAGHELLO,1985,MSI,Voti ottenuti,8,VOTI_OTTENUTI,112.0,363918.0,0
VANZAGHELLO,1985,DEM.PROL,Voti ottenuti,9,VOTI_OTTENUTI,103.0,136781.0,0
VANZAGHELLO,1985,DC,Percentuale (su voti validi),3,PERC_VAL,39.31,36.03,0
VANZAGHELLO,1985,DC,Percentuale (su aventi diritto),3,PERC_ASS,33.98,31.72,0
VANZAGHELLO,1985,PCI,Percentuale (su voti validi),4,PERC_VAL,25.95,26.68,0
VANZAGHELLO,1985,PCI,Percentuale (su aventi diritto),4,PERC_ASS,22.43,23.49,0
VANZAGHELLO,1985,P.S.I.,Percentuale (su voti validi),5,PERC_VAL,17.49,15.38,0
VANZAGHELLO,1985,P.S.I.,Percentuale (su aventi diritto),5,PERC_ASS,15.12,13.54,0
VANZAGHELLO,1985,MSI,Percentuale (su voti validi),8,PERC_VAL,3.76,5.95,0
VANZAGHELLO,1985,DEM.PROL,Percentuale (su voti validi),9,PERC_VAL,3.46,2.24,0
VANZAGHELLO,1985,MSI,Percentuale (su aventi diritto),8,PERC_ASS,3.25,5.24,0
VANZAGHELLO,1985,DEM.PROL,Percentuale (su aventi diritto),9,PERC_ASS,2.99,1.97,0
VANZAGHELLO,1980,DC,Voti ottenuti,3,VOTI_OTTENUTI,1324.0,2240861.0,0
VANZAGHELLO,1980,PCI,Voti ottenuti,4,VOTI_OTTENUTI,737.0,1623352.0,0
VANZAGHELLO,1980,PSI,Voti ottenuti,5,VOTI_OTTENUTI,359.0,834111.0,0
VANZAGHELLO,1980,PSDI,Voti ottenuti,8,VOTI_OTTENUTI,107.0,260611.0,0
VANZAGHELLO,1980,MSI,Voti ottenuti,9,VOTI_OTTENUTI,70.0,251745.0,0
VANZAGHELLO,1980,DC,Percentuale (su voti validi),3,PERC_VAL,47.39,38.86,0
VANZAGHELLO,1980,DC,Percentuale (su aventi diritto),3,PERC_ASS,40.86,33.71,0
VANZAGHELLO,1980,PCI,Percentuale (su voti validi),4,PERC_VAL,26.38,28.15,0
VANZAGHELLO,1980,PCI,Percentuale (su aventi diritto),4,PERC_ASS,22.75,24.42,0
VANZAGHELLO,1980,PSI,Percentuale (su voti validi),5,PERC_VAL,12.85,14.46,0
VANZAGHELLO,1980,PSI,Percentuale (su aventi diritto),5,PERC_ASS,11.08,12.55,0
VANZAGHELLO,1980,PSDI,Percentuale (su voti validi),8,PERC_VAL,3.83,4.52,0
VANZAGHELLO,1980,PSDI,Percentuale (su aventi diritto),8,PERC_ASS,3.3,3.92,0
VANZAGHELLO,1980,MSI,Percentuale (su voti validi),9,PERC_VAL,2.51,4.37,0
VANZAGHELLO,1980,MSI,Percentuale (su aventi diritto),9,PERC_ASS,2.16,3.79,0
VANZAGHELLO,1975,DC,Voti ottenuti,3,VOTI_OTTENUTI,1161.0,2182347.0,0
VANZAGHELLO,1975,PCI,Voti ottenuti,4,VOTI_OTTENUTI,876.0,1769301.0,0
VANZAGHELLO,1975,PSI,Voti ottenuti,5,VOTI_OTTENUTI,434.0,818168.0,0
VANZAGHELLO,1975,PSDI,Voti ottenuti,6,VOTI_OTTENUTI,127.0,300973.0,0
VANZAGHELLO,1975,DEM.PROL,Voti ottenuti,8,VOTI_OTTENUTI,104.0,,0
VANZAGHELLO,1975,DC,Percentuale (su voti validi),3,PERC_VAL,40.97,37.48,0
VANZAGHELLO,1975,DC,Percentuale (su aventi diritto),3,PERC_ASS,37.54,34.34,0
VANZAGHELLO,1975,PCI,Percentuale (su voti validi),4,PERC_VAL,30.91,30.39,0
VANZAGHELLO,1975,PCI,Percentuale (su aventi diritto),4,PERC_ASS,28.32,27.84,0
VANZAGHELLO,1975,PSI,Percentuale (su voti validi),5,PERC_VAL,15.31,14.05,0
VANZAGHELLO,1975,PSI,Percentuale (su aventi diritto),5,PERC_ASS,14.03,12.87,0
VANZAGHELLO,1975,PSDI,Percentuale (su voti validi),6,PERC_VAL,4.48,5.17,0
VANZAGHELLO,1975,PSDI,Percentuale (su aventi diritto),6,PERC_ASS,4.11,4.74,0
VANZAGHELLO,1975,DEM.PROL,Percentuale (su voti validi),8,PERC_VAL,3.67,,0
VANZAGHELLO,1975,DEM.PROL,Percentuale (su aventi diritto),8,PERC_ASS,3.36,,0
VANZAGHELLO,1970,DC,Voti ottenuti,3,VOTI_OTTENUTI,1301.0,2138141.0,0
VANZAGHELLO,1970,PCI,Voti ottenuti,4,VOTI_OTTENUTI,533.0,1210068.0,0
VANZAGHELLO,1970,PSI,Voti ottenuti,5,VOTI_OTTENUTI,324.0,648696.0,0
VANZAGHELLO,1970,P.S.U.,Voti ottenuti,6,VOTI_OTTENUTI,112.0,376436.0,0
VANZAGHELLO,1970,PSIUP,Voti ottenuti,9,VOTI_OTTENUTI,73.0,188585.0,0
VANZAGHELLO,1970,DC,Percentuale (su voti validi),3,PERC_VAL,52.91,40.9,0
VANZAGHELLO,1970,DC,Percentuale (su aventi diritto),3,PERC_ASS,48.19,37.44,0
VANZAGHELLO,1970,PCI,Percentuale (su voti validi),4,PERC_VAL,21.68,23.14,0
VANZAGHELLO,1970,PCI,Percentuale (su aventi diritto),4,PERC_ASS,19.74,21.19,0
VANZAGHELLO,1970,PSI,Percentuale (su voti validi),5,PERC_VAL,13.18,12.41,0
VANZAGHELLO,1970,PSI,Percentuale (su aventi diritto),5,PERC_ASS,12.0,11.36,0
VANZAGHELLO,1970,P.S.U.,Percentuale (su voti validi),6,PERC_VAL,4.55,7.2,0
VANZAGHELLO,1970,P.S.U.,Percentuale (su aventi diritto),6,PERC_ASS,4.15,6.59,0
VANZAGHELLO,1970,PSIUP,Percentuale (su voti validi),9,PERC_VAL,2.97,3.61,0
VANZAGHELLO,1970,PSIUP,Percentuale (su aventi diritto),9,PERC_ASS,2.7,3.3,0
VANZAGHELLO,1970,ELETTORI,Voti ottenuti,1,VOTI_OTTENUTI,2700.0,5710352.0,1
VANZAGHELLO,1970,ELETTORI,Percentuale (su voti validi),1,PERC_VAL,,,1
VANZAGHELLO,1970,ELETTORI,Percentuale (su aventi diritto),1,PERC_ASS,100.0,100.0,1
VANZAGHELLO,1970,VOTANTI,Voti ottenuti,2,VOTI_OTTENUTI,2592.0,5453931.0,1
VANZAGHELLO,1970,VOTANTI,Percentuale (su voti validi),2,PERC_VAL,,,1
VANZAGHELLO,1970,VOTANTI,Percentuale (su aventi diritto),2,PERC_ASS,96.0,95.51,1
VANZAGHELLO,1970,ASTENUTI,Percentuale (su aventi diritto),7,PERC_ASS,4.0,4.49,1
VANZAGHELLO,1970,ASTENUTI,Voti ottenuti,7,VOTI_OTTENUTI,108.0,256421.0,1
VANZAGHELLO,1970,ASTENUTI,Percentuale (su voti validi),7,PERC_VAL,,,1
VANZAGHELLO,1970,BIANCHE,Percentuale (su aventi diritto),8,PERC_ASS,3.56,2.83,1
VANZAGHELLO,1970,BIANCHE,Percentuale (su voti validi),8,PERC_VAL,,,1
VANZAGHELLO,1970,BIANCHE,Voti ottenuti,8,VOTI_OTTENUTI,96.0,161676.0,1
VANZAGHELLO,1970,NULLE,Percentuale (su voti validi),11,PERC_VAL,,,1
VANZAGHELLO,1970,NULLE,Percentuale (su aventi diritto),11,PERC_ASS,1.37,1.12,1
VANZAGHELLO,1970,NULLE,Voti ottenuti,11,VOTI_OTTENUTI,37.0,64044.0,1
VANZAGHELLO,1975,ELETTORI,Voti ottenuti,1,VOTI_OTTENUTI,3093.0,6355229.0,1
VANZAGHELLO,1975,ELETTORI,Percentuale (su voti validi),1,PERC_VAL,,,1
VANZAGHELLO,1975,ELETTORI,Percentuale (su aventi diritto),1,PERC_ASS,100.0,100.0,1
VANZAGHELLO,1975,VOTANTI,Voti ottenuti,2,VOTI_OTTENUTI,2973.0,6039977.0,1
VANZAGHELLO,1975,VOTANTI,Percentuale (su voti validi),2,PERC_VAL,,,1
VANZAGHELLO,1975,VOTANTI,Percentuale (su aventi diritto),2,PERC_ASS,96.12,95.04,1
VANZAGHELLO,1975,ASTENUTI,Percentuale (su aventi diritto),7,PERC_ASS,3.88,4.96,1
VANZAGHELLO,1975,ASTENUTI,Percentuale (su voti validi),7,PERC_VAL,,,1
VANZAGHELLO,1975,ASTENUTI,Voti ottenuti,7,VOTI_OTTENUTI,120.0,315252.0,1
VANZAGHELLO,1975,BIANCHE,Percentuale (su voti validi),9,PERC_VAL,,,1
VANZAGHELLO,1975,BIANCHE,Percentuale (su aventi diritto),9,PERC_ASS,3.04,2.45,1
VANZAGHELLO,1975,BIANCHE,Voti ottenuti,9,VOTI_OTTENUTI,94.0,155668.0,1
VANZAGHELLO,1975,NULLE,Voti ottenuti,11,VOTI_OTTENUTI,45.0,62228.0,1
VANZAGHELLO,1975,NULLE,Percentuale (su voti validi),11,PERC_VAL,,,1
VANZAGHELLO,1975,NULLE,Percentuale (su aventi diritto),11,PERC_ASS,1.45,0.98,1
VANZAGHELLO,1980,ELETTORI,Voti ottenuti,1,VOTI_OTTENUTI,3240.0,6647073.0,1
VANZAGHELLO,1980,ELETTORI,Percentuale (su voti validi),1,PERC_VAL,,,1
VANZAGHELLO,1980,ELETTORI,Percentuale (su aventi diritto),1,PERC_ASS,100.0,100.0,1
VANZAGHELLO,1980,VOTANTI,Voti ottenuti,2,VOTI_OTTENUTI,3044.0,6147154.0,1
VANZAGHELLO,1980,VOTANTI,Percentuale (su voti validi),2,PERC_VAL,,,1
VANZAGHELLO,1980,VOTANTI,Percentuale (su aventi diritto),2,PERC_ASS,93.95,92.48,1
VANZAGHELLO,1980,ASTENUTI,Percentuale (su voti validi),6,PERC_VAL,,,1
VANZAGHELLO,1980,ASTENUTI,Percentuale (su aventi diritto),6,PERC_ASS,6.05,7.52,1
VANZAGHELLO,1980,ASTENUTI,Voti ottenuti,6,VOTI_OTTENUTI,196.0,499919.0,1
VANZAGHELLO,1980,BIANCHE,Percentuale (su aventi diritto),7,PERC_ASS,5.96,3.52,1
VANZAGHELLO,1980,BIANCHE,Voti ottenuti,7,VOTI_OTTENUTI,193.0,233742.0,1
VANZAGHELLO,1980,BIANCHE,Percentuale (su voti validi),7,PERC_VAL,,,1
VANZAGHELLO,1980,NULLE,Percentuale (su voti validi),11,PERC_VAL,,,1
VANZAGHELLO,1980,NULLE,Percentuale (su aventi diritto),11,PERC_ASS,1.76,2.2,1
VANZAGHELLO,1980,NULLE,Voti ottenuti,11,VOTI_OTTENUTI,57.0,146544.0,1
VANZAGHELLO,1985,ELETTORI,Voti ottenuti,1,VOTI_OTTENUTI,3446.0,6950380.0,1
VANZAGHELLO,1985,ELETTORI,Percentuale (su voti validi),1,PERC_VAL,,,1
VANZAGHELLO,1985,ELETTORI,Percentuale (su aventi diritto),1,PERC_ASS,100.0,100.0,1
VANZAGHELLO,1985,VOTANTI,Voti ottenuti,2,VOTI_OTTENUTI,3224.0,6450360.0,1
VANZAGHELLO,1985,VOTANTI,Percentuale (su voti validi),2,PERC_VAL,,,1
VANZAGHELLO,1985,VOTANTI,Percentuale (su aventi diritto),2,PERC_ASS,93.56,92.81,1
VANZAGHELLO,1985,ASTENUTI,Percentuale (su aventi diritto),6,PERC_ASS,6.44,7.19,1
VANZAGHELLO,1985,ASTENUTI,Voti ottenuti,6,VOTI_OTTENUTI,222.0,500020.0,1
VANZAGHELLO,1985,ASTENUTI,Percentuale (su voti validi),6,PERC_VAL,,,1
VANZAGHELLO,1985,BIANCHE,Percentuale (su aventi diritto),7,PERC_ASS,5.08,2.67,1
VANZAGHELLO,1985,BIANCHE,Voti ottenuti,7,VOTI_OTTENUTI,175.0,185726.0,1
VANZAGHELLO,1985,BIANCHE,Percentuale (su voti validi),7,PERC_VAL,,,1
VANZAGHELLO,1985,NULLE,Percentuale (su aventi diritto),12,PERC_ASS,2.03,2.09,1
VANZAGHELLO,1985,NULLE,Percentuale (su voti validi),12,PERC_VAL,,,1
VANZAGHELLO,1985,NULLE,Voti ottenuti,12,VOTI_OTTENUTI,70.0,145287.0,1
VANZAGHELLO,1990,ELETTORI,Voti ottenuti,1,VOTI_OTTENUTI,3748.0,7258354.0,1
VANZAGHELLO,1990,ELETTORI,Percentuale (su voti validi),1,PERC_VAL,,,1
VANZAGHELLO,1990,ELETTORI,Percentuale (su aventi diritto),1,PERC_ASS,100.0,100.0,1
VANZAGHELLO,1990,VOTANTI,Voti ottenuti,2,VOTI_OTTENUTI,3474.0,6620304.0,1
VANZAGHELLO,1990,VOTANTI,Percentuale (su voti validi),2,PERC_VAL,,,1
VANZAGHELLO,1990,VOTANTI,Percentuale (su aventi diritto),2,PERC_ASS,92.69,91.21,1
VANZAGHELLO,1990,ASTENUTI,Percentuale (su aventi diritto),7,PERC_ASS,7.31,8.79,1
VANZAGHELLO,1990,ASTENUTI,Voti ottenuti,7,VOTI_OTTENUTI,274.0,638050.0,1
VANZAGHELLO,1990,ASTENUTI,Percentuale (su voti validi),7,PERC_VAL,,,1
VANZAGHELLO,1990,BIANCHE,Percentuale (su aventi diritto),8,PERC_ASS,2.99,2.59,1
VANZAGHELLO,1990,BIANCHE,Voti ottenuti,8,VOTI_OTTENUTI,112.0,188011.0,1
VANZAGHELLO,1990,BIANCHE,Percentuale (su voti validi),8,PERC_VAL,,,1
VANZAGHELLO,1990,NULLE,Percentuale (su voti validi),12,PERC_VAL,,,1
VANZAGHELLO,1990,NULLE,Percentuale (su aventi diritto),12,PERC_ASS,1.65,2.54,1
VANZAGHELLO,1990,NULLE,Voti ottenuti,12,VOTI_OTTENUTI,62.0,184315.0,1
VANZAGHELLO,1995,ELETTORI,Voti ottenuti,1,VOTI_OTTENUTI,3848.0,7506256.0,1
VANZAGHELLO,1995,ELETTORI,Percentuale (su aventi diritto),1,PERC_ASS,100.0,100.0,1
VANZAGHELLO,1995,ELETTORI,Percentuale (su voti validi),1,PERC_VAL,,,1
VANZAGHELLO,1995,VOTANTI,Voti ottenuti,2,VOTI_OTTENUTI,3340.0,6323049.0,1
VANZAGHELLO,1995,VOTANTI,Percentuale (su aventi diritto),2,PERC_ASS,86.8,84.24,1
VANZAGHELLO,1995,VOTANTI,Percentuale (su voti validi),2,PERC_VAL,,,1
VANZAGHELLO,1995,ASTENUTI,Percentuale (su aventi diritto),5,PERC_ASS,13.2,15.76,1
VANZAGHELLO,1995,ASTENUTI,Percentuale (su voti validi),5,PERC_VAL,,,1
VANZAGHELLO,1995,ASTENUTI,Voti ottenuti,5,VOTI_OTTENUTI,508.0,1183207.0,1
VANZAGHELLO,1995,BIANCHE,Percentuale (su voti validi),7,PERC_VAL,,,1
VANZAGHELLO,1995,BIANCHE,Voti ottenuti,7,VOTI_OTTENUTI,182.0,214323.0,1
VANZAGHELLO,1995,BIANCHE,Percentuale (su aventi diritto),7,PERC_ASS,4.73,2.86,1
VANZAGHELLO,1995,NULLE,Percentuale (su aventi diritto),9,PERC_ASS,3.59,3.97,1
VANZAGHELLO,1995,NULLE,Percentuale (su voti validi),9,PERC_VAL,,,1
VANZAGHELLO,1995,NULLE,Voti ottenuti,9,VOTI_OTTENUTI,138.0,297895.0,1
VANZAGHELLO,2000,ELETTORI,Voti ottenuti,1,VOTI_OTTENUTI,4048.0,7596073.0,1
VANZAGHELLO,2000,ELETTORI,Percentuale (su aventi diritto),1,PERC_ASS,100.0,100.0,1
VANZAGHELLO,2000,ELETTORI,Percentuale (su voti validi),1,PERC_VAL,,,1
VANZAGHELLO,2000,VOTANTI,Voti ottenuti,2,VOTI_OTTENUTI,3098.0,5742208.0,1
VANZAGHELLO,2000,VOTANTI,Percentuale (su aventi diritto),2,PERC_ASS,76.53,75.59,1
VANZAGHELLO,2000,VOTANTI,Percentuale (su voti validi),2,PERC_VAL,,,1
VANZAGHELLO,2000,ASTENUTI,Voti ottenuti,3,VOTI_OTTENUTI,950.0,1853865.0,1
VANZAGHELLO,2000,ASTENUTI,Percentuale (su aventi diritto),3,PERC_ASS,23.47,24.41,1
VANZAGHELLO,2000,ASTENUTI,Percentuale (su voti validi),3,PERC_VAL,,,1
VANZAGHELLO,2000,NULLE,Percentuale (su voti validi),7,PERC_VAL,,,1
VANZAGHELLO,2000,NULLE,Voti ottenuti,7,VOTI_OTTENUTI,215.0,250403.0,1
VANZAGHELLO,2000,NULLE,Percentuale (su aventi diritto),7,PERC_ASS,5.31,3.3,1
VANZAGHELLO,2000,BIANCHE,Percentuale (su voti validi),11,PERC_VAL,,,1
VANZAGHELLO,2000,BIANCHE,Voti ottenuti,11,VOTI_OTTENUTI,73.0,111224.0,1
VANZAGHELLO,2000,BIANCHE,Percentuale (su aventi diritto),11,PERC_ASS,1.8,1.46,1
VANZAGHELLO,2005,ELETTORI,Voti ottenuti,1,VOTI_OTTENUTI,4155.0,7638811.0,1
VANZAGHELLO,2005,ELETTORI,Percentuale (su aventi diritto),1,PERC_ASS,100.0,100.0,1
VANZAGHELLO,2005,ELETTORI,Percentuale (su voti validi),1,PERC_VAL,,,1
VANZAGHELLO,2005,VOTANTI,Voti ottenuti,2,VOTI_OTTENUTI,3095.0,5573739.0,1
VANZAGHELLO,2005,VOTANTI,Percentuale (su aventi diritto),2,PERC_ASS,74.49,72.97,1
VANZAGHELLO,2005,VOTANTI,Percentuale (su voti validi),2,PERC_VAL,,,1
VANZAGHELLO,2005,ASTENUTI,Voti ottenuti,3,VOTI_OTTENUTI,1060.0,2065072.0,1
VANZAGHELLO,2005,ASTENUTI,Percentuale (su aventi diritto),3,PERC_ASS,25.51,27.03,1
VANZAGHELLO,2005,ASTENUTI,Percentuale (su voti validi),3,PERC_VAL,,,1
VANZAGHELLO,2005,NULLE,Percentuale (su voti validi),8,PERC_VAL,,,1
VANZAGHELLO,2005,NULLE,Percentuale (su aventi diritto),8,PERC_ASS,3.68,2.82,1
VANZAGHELLO,2005,NULLE,Voti ottenuti,8,VOTI_OTTENUTI,153.0,215448.0,1
VANZAGHELLO,2005,BIANCHE,Percentuale (su voti validi),16,PERC_VAL,,,1
VANZAGHELLO,2005,BIANCHE,Voti ottenuti,16,VOTI_OTTENUTI,36.0,81420.0,1
VANZAGHELLO,2005,BIANCHE,Percentuale (su aventi diritto),16,PERC_ASS,0.87,1.07,1
VANZAGHELLO,2010,ELETTORI,Voti ottenuti,1,VOTI_OTTENUTI,4215.0,7694756.0,1
VANZAGHELLO,2010,ELETTORI,Percentuale (su aventi diritto),1,PERC_ASS,100.0,100.0,1
VANZAGHELLO,2010,ELETTORI,Percentuale (su voti validi),1,PERC_VAL,,,1
VANZAGHELLO,2010,VOTANTI,Voti ottenuti,2,VOTI_OTTENUTI,2797.0,4973519.0,1
VANZAGHELLO,2010,VOTANTI,Percentuale (su aventi diritto),2,PERC_ASS,66.36,64.64,1
VANZAGHELLO,2010,VOTANTI,Percentuale (su voti validi),2,PERC_VAL,,,1
VANZAGHELLO,2010,ASTENUTI,Voti ottenuti,3,VOTI_OTTENUTI,1418.0,2721237.0,1
VANZAGHELLO,2010,ASTENUTI,Percentuale (su aventi diritto),3,PERC_ASS,33.64,35.36,1
VANZAGHELLO,2010,ASTENUTI,Percentuale (su voti validi),3,PERC_VAL,,,1
VANZAGHELLO,2010,NULLE,Percentuale (su aventi diritto),9,PERC_ASS,1.33,1.42,1
VANZAGHELLO,2010,NULLE,Percentuale (su voti validi),9,PERC_VAL,,,1
VANZAGHELLO,2010,NULLE,Voti ottenuti,9,VOTI_OTTENUTI,56.0,109498.0,1
VANZAGHELLO,2010,BIANCHE,Voti ottenuti,13,VOTI_OTTENUTI,28.0,44445.0,1
VANZAGHELLO,2010,BIANCHE,Percentuale (su aventi diritto),13,PERC_ASS,0.66,0.58,1
VANZAGHELLO,2010,BIANCHE,Percentuale (su voti validi),13,PERC_VAL,,,1
VANZAGHELLO,2013,ELETTORI,Voti ottenuti,1,VOTI_OTTENUTI,4259.0,7738280.0,1
VANZAGHELLO,2013,ELETTORI,Percentuale (su aventi diritto),1,PERC_ASS,100.0,100.0,1
VANZAGHELLO,2013,ELETTORI,Percentuale (su voti validi),1,PERC_VAL,,,1
VANZAGHELLO,2013,VOTANTI,Voti ottenuti,2,VOTI_OTTENUTI,3349.0,5938044.0,1
VANZAGHELLO,2013,VOTANTI,Percentuale (su aventi diritto),2,PERC_ASS,78.63,76.74,1
VANZAGHELLO,2013,VOTANTI,Percentuale (su voti validi),2,PERC_VAL,,,1
VANZAGHELLO,2013,ASTENUTI,Percentuale (su aventi diritto),5,PERC_ASS,21.37,23.26,1
VANZAGHELLO,2013,ASTENUTI,Percentuale (su voti validi),5,PERC_VAL,,,1
VANZAGHELLO,2013,ASTENUTI,Voti ottenuti,5,VOTI_OTTENUTI,910.0,1800236.0,1
VANZAGHELLO,2013,NULLE,Voti ottenuti,14,VOTI_OTTENUTI,91.0,132931.0,1
VANZAGHELLO,2013,NULLE,Percentuale (su aventi diritto),14,PERC_ASS,2.14,1.72,1
VANZAGHELLO,2013,NULLE,Percentuale (su voti validi),14,PERC_VAL,,,1
VANZAGHELLO,2013,BIANCHE,Percentuale (su voti validi),17,PERC_VAL,,,1
VANZAGHELLO,2013,BIANCHE,Voti ottenuti,17,VOTI_OTTENUTI,33.0,67286.0,1
VANZAGHELLO,2013,BIANCHE,Percentuale (su aventi diritto),17,PERC_ASS,0.77,0.87,1
VANZAGHELLO,2018,ELETTORI,Voti ottenuti,1,VOTI_OTTENUTI,4283.0,7882633.0,1
VANZAGHELLO,2018,ELETTORI,Percentuale (su aventi diritto),1,PERC_ASS,100.0,100.0,1
VANZAGHELLO,2018,ELETTORI,Percentuale (su voti validi),1,PERC_VAL,,,1
VANZAGHELLO,2018,VOTANTI,Voti ottenuti,2,VOTI_OTTENUTI,3295.0,5762459.0,1
VANZAGHELLO,2018,VOTANTI,Percentuale (su aventi diritto),2,PERC_ASS,76.93,73.1,1
VANZAGHELLO,2018,VOTANTI,Percentuale (su voti validi),2,PERC_VAL,,,1
VANZAGHELLO,2018,ASTENUTI,Percentuale (su aventi diritto),5,PERC_ASS,23.07,26.9,1
VANZAGHELLO,2018,ASTENUTI,Percentuale (su voti validi),5,PERC_VAL,,,1
VANZAGHELLO,2018,ASTENUTI,Voti ottenuti,5,VOTI_OTTENUTI,988.0,2120174.0,1
VANZAGHELLO,2018,NULLE,Percentuale (su aventi diritto),13,PERC_ASS,1.52,1.12,1
VANZAGHELLO,2018,NULLE,Percentuale (su voti validi),13,PERC_VAL,,,1
VANZAGHELLO,2018,NULLE,Voti ottenuti,13,VOTI_OTTENUTI,65.0,87911.0,1
VANZAGHELLO,2018,BIANCHE,Voti ottenuti,21,VOTI_OTTENUTI,29.0,60067.0,1
VANZAGHELLO,2018,BIANCHE,Percentuale (su voti validi),21,PERC_VAL,,,1
VANZAGHELLO,2018,BIANCHE,Percentuale (su aventi diritto),21,PERC_ASS,0.68,0.76,1
VANZAGHELLO,2023,ELETTORI,Voti ottenuti,1,VOTI_OTTENUTI,4282.0,8010538.0,1
VANZAGHELLO,2023,ELETTORI,Percentuale (su aventi diritto),1,PERC_ASS,100.0,100.0,1
VANZAGHELLO,2023,ELETTORI,Percentuale (su voti validi),1,PERC_VAL,,,1
VANZAGHELLO,2023,ASTENUTI,Voti ottenuti,2,VOTI_OTTENUTI,2468.0,4671519.0,1
VANZAGHELLO,2023,ASTENUTI,Percentuale (su aventi diritto),2,PERC_ASS,57.64,58.32,1
VANZAGHELLO,2023,ASTENUTI,Percentuale (su voti validi),2,PERC_VAL,,,1
VANZAGHELLO,2023,VOTANTI,Voti ottenuti,3,VOTI_OTTENUTI,1814.0,3339019.0,1
VANZAGHELLO,2023,VOTANTI,Percentuale (su aventi diritto),3,PERC_ASS,42.36,41.68,1
VANZAGHELLO,2023,VOTANTI,Percentuale (su voti validi),3,PERC_VAL,,,1
VANZAGHELLO,2023,NULLE,Percentuale (su voti validi),15,PERC_VAL,,,1
VANZAGHELLO,2023,NULLE,Voti ottenuti,15,VOTI_OTTENUTI,28.0,72404.0,1
VANZAGHELLO,2023,NULLE,Percentuale (su aventi diritto),15,PERC_ASS,0.65,0.9,1
VANZAGHELLO,2023,BIANCHE,Voti ottenuti,21,VOTI_OTTENUTI,10.0,20861.0,1
VANZAGHELLO,2023,BIANCHE,Percentuale (su aventi diritto),21,PERC_ASS,0.23,0.26,1
VANZAGHELLO,2023,BIANCHE,Percentuale (su voti validi),21,PERC_VAL,,,1
